{"Source":"InternalBuild","Data":{"System.CollectionId":"ee8504d9-65a6-4f6c-85ed-0ad4265128ee","System.DefinitionId":"932","System.TeamProjectId":"1eb4044a-9891-4ab0-b731-a4ad3638c65c","System.TeamProject":"PSReadLine","Build.BuildId":"462037","Build.BuildNumber":"PSReadLine-ModuleBuild-462037","Build.DefinitionName":"PSReadLine","Build.DefinitionRevision":"2","Build.Repository.Name":"PSReadLine","Build.Repository.Provider":"TfsGit","Build.Repository.Id":"85738272-3dab-4106-86c9-ce31988f3c7f","Build.SourceBranch":"refs/heads/release-2.4.0-beta0-vsts","Build.SourceBranchName":"release-2.4.0-beta0-vsts","Build.SourceVersion":"923a890f2e7ea10465f3a80a2bc030121a1c2f68","Build.Repository.Uri":"https://mscodehub.visualstudio.com/PSReadLine/_git/PSReadLine"},"Feed":null}