{
  "files": [
    {
      "fileName": "./PSReadLine.psd1",
      "SPDXID": "SPDXRef-File--PSReadLine.psd1-9F0D158F0B4869D98CBA591B6B65C4F14266C374",
      "checksums": [
        {
          "algorithm": "SHA256",
          "checksumValue": "717622c3bd7ec034b97446cf78c9d43f8818b9a7eeb7a4fdb1379bf2e6c63e06"
        },
        {
          "algorithm": "SHA1",
          "checksumValue": "9f0d158f0b4869d98cba591b6b65c4f14266c374"
        }
      ],
      "licenseConcluded": "NOASSERTION",
      "licenseInfoInFiles": [
        "NOASSERTION"
      ],
      "copyrightText": "NOASSERTION"
    },
    {
      "fileName": "./Microsoft.PowerShell.PSReadLine2.dll",
      "SPDXID": "SPDXRef-File--Microsoft.PowerShell.PSReadLine2.dll-D9DC0E28B216412E4986B3170E7E18653F1093DF",
      "checksums": [
        {
          "algorithm": "SHA256",
          "checksumValue": "0fd6edbce1ed513772eb116baa4b70f021d3eb0088e7324cb605f8bf15700708"
        },
        {
          "algorithm": "SHA1",
          "checksumValue": "d9dc0e28b216412e4986b3170e7e18653f1093df"
        }
      ],
      "licenseConcluded": "NOASSERTION",
      "licenseInfoInFiles": [
        "NOASSERTION"
      ],
      "copyrightText": "NOASSERTION"
    },
    {
      "fileName": "./Microsoft.PowerShell.Pager.dll",
      "SPDXID": "SPDXRef-File--Microsoft.PowerShell.Pager.dll-127329A2AADB37ED3F0ADA1E99A7F09D7C8E289B",
      "checksums": [
        {
          "algorithm": "SHA256",
          "checksumValue": "f1997d21f6833cf88e8bb39ebcfe3c9f9d7e107a8a5e21434ffa6ac94f876a48"
        },
        {
          "algorithm": "SHA1",
          "checksumValue": "127329a2aadb37ed3f0ada1e99a7f09d7c8e289b"
        }
      ],
      "licenseConcluded": "NOASSERTION",
      "licenseInfoInFiles": [
        "NOASSERTION"
      ],
      "copyrightText": "NOASSERTION"
    },
    {
      "fileName": "./License.txt",
      "SPDXID": "SPDXRef-File--License.txt-8BDED9DC168F35DAE2E5249E92EBC40F12463AF3",
      "checksums": [
        {
          "algorithm": "SHA256",
          "checksumValue": "25c2fdfcdc653f65629233f5ef217a83287733d3c0299c207b0bca865508c463"
        },
        {
          "algorithm": "SHA1",
          "checksumValue": "8bded9dc168f35dae2e5249e92ebc40f12463af3"
        }
      ],
      "licenseConcluded": "NOASSERTION",
      "licenseInfoInFiles": [
        "NOASSERTION"
      ],
      "copyrightText": "NOASSERTION"
    },
    {
      "fileName": "./net6plus/Microsoft.PowerShell.PSReadLine.Polyfiller.dll",
      "SPDXID": "SPDXRef-File--net6plus-Microsoft.PowerShell.PSReadLine.Polyfiller.dll-D9C02129203CCA1118C4DBB11663E5AEAFCF80AA",
      "checksums": [
        {
          "algorithm": "SHA256",
          "checksumValue": "750c43928ea79aa55dfc03cb3ed79fbeb4af099ad4cab45ad812c31ed2f1fcc8"
        },
        {
          "algorithm": "SHA1",
          "checksumValue": "d9c02129203cca1118c4dbb11663e5aeafcf80aa"
        }
      ],
      "licenseConcluded": "NOASSERTION",
      "licenseInfoInFiles": [
        "NOASSERTION"
      ],
      "copyrightText": "NOASSERTION"
    },
    {
      "fileName": "./net462/Microsoft.PowerShell.PSReadLine.Polyfiller.dll",
      "SPDXID": "SPDXRef-File--net462-Microsoft.PowerShell.PSReadLine.Polyfiller.dll-D28E98BFDBDB57CC70B1395DE6DA556D137F02D5",
      "checksums": [
        {
          "algorithm": "SHA256",
          "checksumValue": "df70cc1420a2d05fe4d1a0e9f24c807f938f64146cc9f672116288be1ac697f4"
        },
        {
          "algorithm": "SHA1",
          "checksumValue": "d28e98bfdbdb57cc70b1395de6da556d137f02d5"
        }
      ],
      "licenseConcluded": "NOASSERTION",
      "licenseInfoInFiles": [
        "NOASSERTION"
      ],
      "copyrightText": "NOASSERTION"
    },
    {
      "fileName": "./PSReadLine.psm1",
      "SPDXID": "SPDXRef-File--PSReadLine.psm1-5E2D2446E39DE6FF9A73B05CA1C04FEC4C9FA4F7",
      "checksums": [
        {
          "algorithm": "SHA256",
          "checksumValue": "075610934351f0ed6e0d927b84b93c91d5539728f122bd8b3c6ceea0c91d12da"
        },
        {
          "algorithm": "SHA1",
          "checksumValue": "5e2d2446e39de6ff9a73b05ca1c04fec4c9fa4f7"
        }
      ],
      "licenseConcluded": "NOASSERTION",
      "licenseInfoInFiles": [
        "NOASSERTION"
      ],
      "copyrightText": "NOASSERTION"
    },
    {
      "fileName": "./Changes.txt",
      "SPDXID": "SPDXRef-File--Changes.txt-A0EA100AC4A59E9C5B0812E2B10A3268407BF45A",
      "checksums": [
        {
          "algorithm": "SHA256",
          "checksumValue": "7ca6bd5f5cc5f19d9b753890ddf05aa566df0b6a92281448f05d0674c1ed77cd"
        },
        {
          "algorithm": "SHA1",
          "checksumValue": "a0ea100ac4a59e9c5b0812e2b10a3268407bf45a"
        }
      ],
      "licenseConcluded": "NOASSERTION",
      "licenseInfoInFiles": [
        "NOASSERTION"
      ],
      "copyrightText": "NOASSERTION"
    },
    {
      "fileName": "./System.Runtime.InteropServices.RuntimeInformation.dll",
      "SPDXID": "SPDXRef-File--System.Runtime.InteropServices.RuntimeInformation.dll-76B0B6E65E38A90A4ECDB3F6DFE16D5A803081E9",
      "checksums": [
        {
          "algorithm": "SHA256",
          "checksumValue": "8bb9d52ba5c67f05c8f632deb1e7e98a909318b10e1388b47e919515fdd42cbf"
        },
        {
          "algorithm": "SHA1",
          "checksumValue": "76b0b6e65e38a90a4ecdb3f6dfe16d5a803081e9"
        }
      ],
      "licenseConcluded": "NOASSERTION",
      "licenseInfoInFiles": [
        "NOASSERTION"
      ],
      "copyrightText": "NOASSERTION"
    },
    {
      "fileName": "./PSReadLine.format.ps1xml",
      "SPDXID": "SPDXRef-File--PSReadLine.format.ps1xml-858E6F27E17C637A0A8DE4E759EA856440C88909",
      "checksums": [
        {
          "algorithm": "SHA256",
          "checksumValue": "30fddca36aab3ebd171db430ef4dccb69f590b55b18b7931fdbbb1adc83f60a7"
        },
        {
          "algorithm": "SHA1",
          "checksumValue": "858e6f27e17c637a0a8de4e759ea856440c88909"
        }
      ],
      "licenseConcluded": "NOASSERTION",
      "licenseInfoInFiles": [
        "NOASSERTION"
      ],
      "copyrightText": "NOASSERTION"
    },
    {
      "fileName": "./SamplePSReadLineProfile.ps1",
      "SPDXID": "SPDXRef-File--SamplePSReadLineProfile.ps1-7B563B7A565EFAED4E96C236593496F7F763C66E",
      "checksums": [
        {
          "algorithm": "SHA256",
          "checksumValue": "cd031c6c175bcfe73aeb68fde69347620ecbb263da414ff8c016b34bc4c9fe53"
        },
        {
          "algorithm": "SHA1",
          "checksumValue": "7b563b7a565efaed4e96c236593496f7f763c66e"
        }
      ],
      "licenseConcluded": "NOASSERTION",
      "licenseInfoInFiles": [
        "NOASSERTION"
      ],
      "copyrightText": "NOASSERTION"
    }
  ],
  "packages": [
    {
      "name": "Microsoft.PowerShell.MarkdownRender",
      "SPDXID": "SPDXRef-Package-31A81B3DC6FD374CE72BEAA34481EECDF7D6AA876C603326EA8146B34370A121",
      "downloadLocation": "NOASSERTION",
      "filesAnalyzed": false,
      "licenseConcluded": "NOASSERTION",
      "licenseDeclared": "NOASSERTION",
      "copyrightText": "NOASSERTION",
      "versionInfo": "7.2.1",
      "externalRefs": [
        {
          "referenceCategory": "PACKAGE-MANAGER",
          "referenceType": "purl",
          "referenceLocator": "pkg:nuget/Microsoft.PowerShell.MarkdownRender@7.2.1"
        }
      ],
      "supplier": "NOASSERTION"
    },
    {
      "name": "Microsoft.CodeCoverage",
      "SPDXID": "SPDXRef-Package-D06321A2E529DAFB9EB12DDC595DA61DA224784753019DB501CAD46CEEBEC3A3",
      "downloadLocation": "NOASSERTION",
      "filesAnalyzed": false,
      "licenseConcluded": "NOASSERTION",
      "licenseDeclared": "NOASSERTION",
      "copyrightText": "NOASSERTION",
      "versionInfo": "16.7.1",
      "externalRefs": [
        {
          "referenceCategory": "PACKAGE-MANAGER",
          "referenceType": "purl",
          "referenceLocator": "pkg:nuget/Microsoft.CodeCoverage@16.7.1"
        }
      ],
      "supplier": "NOASSERTION"
    },
    {
      "name": "System.IO.Ports",
      "SPDXID": "SPDXRef-Package-71C67A426A3248366829D1514C47B445581A44437935E9DCF4E6A2C5E7D5473C",
      "downloadLocation": "NOASSERTION",
      "filesAnalyzed": false,
      "licenseConcluded": "NOASSERTION",
      "licenseDeclared": "NOASSERTION",
      "copyrightText": "NOASSERTION",
      "versionInfo": "6.0.0",
      "externalRefs": [
        {
          "referenceCategory": "PACKAGE-MANAGER",
          "referenceType": "purl",
          "referenceLocator": "pkg:nuget/System.IO.Ports@6.0.0"
        }
      ],
      "supplier": "NOASSERTION"
    },
    {
      "name": "System.Runtime.Caching",
      "SPDXID": "SPDXRef-Package-02E858A8C006952F7C6DC1F1D562DEE5F1D39767F016B8E05AAC8275919A146B",
      "downloadLocation": "NOASSERTION",
      "filesAnalyzed": false,
      "licenseConcluded": "NOASSERTION",
      "licenseDeclared": "NOASSERTION",
      "copyrightText": "NOASSERTION",
      "versionInfo": "6.0.0",
      "externalRefs": [
        {
          "referenceCategory": "PACKAGE-MANAGER",
          "referenceType": "purl",
          "referenceLocator": "pkg:nuget/System.Runtime.Caching@6.0.0"
        }
      ],
      "supplier": "NOASSERTION"
    },
    {
      "name": "Microsoft.PowerShell.Native",
      "SPDXID": "SPDXRef-Package-E2D06F07B127077AD939956F36A0635D95E924867BCFDFB34D718C14743DF6F9",
      "downloadLocation": "NOASSERTION",
      "filesAnalyzed": false,
      "licenseConcluded": "NOASSERTION",
      "licenseDeclared": "NOASSERTION",
      "copyrightText": "NOASSERTION",
      "versionInfo": "7.2.1",
      "externalRefs": [
        {
          "referenceCategory": "PACKAGE-MANAGER",
          "referenceType": "purl",
          "referenceLocator": "pkg:nuget/Microsoft.PowerShell.Native@7.2.1"
        }
      ],
      "supplier": "NOASSERTION"
    },
    {
      "name": "System.ServiceModel.Primitives",
      "SPDXID": "SPDXRef-Package-EDFAB6FFAE53CF521DB41E3239C219EC1BAC8F6DA87DEC75BB9BD054C76933F3",
      "downloadLocation": "NOASSERTION",
      "filesAnalyzed": false,
      "licenseConcluded": "NOASSERTION",
      "licenseDeclared": "NOASSERTION",
      "copyrightText": "NOASSERTION",
      "versionInfo": "4.9.0",
      "externalRefs": [
        {
          "referenceCategory": "PACKAGE-MANAGER",
          "referenceType": "purl",
          "referenceLocator": "pkg:nuget/System.ServiceModel.Primitives@4.9.0"
        }
      ],
      "supplier": "NOASSERTION"
    },
    {
      "name": "Newtonsoft.Json",
      "SPDXID": "SPDXRef-Package-B886264C88915A93892AFBE3D28CD5B3C8B7990F0C6A47AD506184440C46436E",
      "downloadLocation": "NOASSERTION",
      "filesAnalyzed": false,
      "licenseConcluded": "NOASSERTION",
      "licenseDeclared": "NOASSERTION",
      "copyrightText": "NOASSERTION",
      "versionInfo": "13.0.3",
      "externalRefs": [
        {
          "referenceCategory": "PACKAGE-MANAGER",
          "referenceType": "purl",
          "referenceLocator": "pkg:nuget/Newtonsoft.Json@13.0.3"
        }
      ],
      "supplier": "NOASSERTION"
    },
    {
      "name": "System.Reflection.Context",
      "SPDXID": "SPDXRef-Package-721A2EC3CF1FB1656B25C72638BE48FF5FD37FCE4AC43DD2A62A8E8BA325B6A4",
      "downloadLocation": "NOASSERTION",
      "filesAnalyzed": false,
      "licenseConcluded": "NOASSERTION",
      "licenseDeclared": "NOASSERTION",
      "copyrightText": "NOASSERTION",
      "versionInfo": "6.0.0",
      "externalRefs": [
        {
          "referenceCategory": "PACKAGE-MANAGER",
          "referenceType": "purl",
          "referenceLocator": "pkg:nuget/System.Reflection.Context@6.0.0"
        }
      ],
      "supplier": "NOASSERTION"
    },
    {
      "name": "System.Web.Services.Description",
      "SPDXID": "SPDXRef-Package-FC368E97C67C8E3E6798F62D075DC1B5AC857F87348A6603B7663CD7515B5464",
      "downloadLocation": "NOASSERTION",
      "filesAnalyzed": false,
      "licenseConcluded": "NOASSERTION",
      "licenseDeclared": "NOASSERTION",
      "copyrightText": "NOASSERTION",
      "versionInfo": "4.9.0",
      "externalRefs": [
        {
          "referenceCategory": "PACKAGE-MANAGER",
          "referenceType": "purl",
          "referenceLocator": "pkg:nuget/System.Web.Services.Description@4.9.0"
        }
      ],
      "supplier": "NOASSERTION"
    },
    {
      "name": "Microsoft.PowerShell.Commands.Utility",
      "SPDXID": "SPDXRef-Package-2C7375F4535235025B96C8544E978E3DDAC216835943EC4D1475E483158D556F",
      "downloadLocation": "NOASSERTION",
      "filesAnalyzed": false,
      "licenseConcluded": "NOASSERTION",
      "licenseDeclared": "NOASSERTION",
      "copyrightText": "NOASSERTION",
      "versionInfo": "7.2.18",
      "externalRefs": [
        {
          "referenceCategory": "PACKAGE-MANAGER",
          "referenceType": "purl",
          "referenceLocator": "pkg:nuget/Microsoft.PowerShell.Commands.Utility@7.2.18"
        }
      ],
      "supplier": "NOASSERTION"
    },
    {
      "name": "Microsoft.Management.Infrastructure.Runtime.Win",
      "SPDXID": "SPDXRef-Package-597E4EB7D4DE70AB986BF564D4F5016660994E8061B1567D8F46CA0D9F3DFDAB",
      "downloadLocation": "NOASSERTION",
      "filesAnalyzed": false,
      "licenseConcluded": "NOASSERTION",
      "licenseDeclared": "NOASSERTION",
      "copyrightText": "NOASSERTION",
      "versionInfo": "2.0.0",
      "externalRefs": [
        {
          "referenceCategory": "PACKAGE-MANAGER",
          "referenceType": "purl",
          "referenceLocator": "pkg:nuget/Microsoft.Management.Infrastructure.Runtime.Win@2.0.0"
        }
      ],
      "supplier": "NOASSERTION"
    },
    {
      "name": "Microsoft.TestPlatform.ObjectModel",
      "SPDXID": "SPDXRef-Package-F0669F0F40151AF0350EF10EB16A84C4D43FEE83059D4DAC48A9E4C1DA5363F8",
      "downloadLocation": "NOASSERTION",
      "filesAnalyzed": false,
      "licenseConcluded": "NOASSERTION",
      "licenseDeclared": "NOASSERTION",
      "copyrightText": "NOASSERTION",
      "versionInfo": "16.7.1",
      "externalRefs": [
        {
          "referenceCategory": "PACKAGE-MANAGER",
          "referenceType": "purl",
          "referenceLocator": "pkg:nuget/Microsoft.TestPlatform.ObjectModel@16.7.1"
        }
      ],
      "supplier": "NOASSERTION"
    },
    {
      "name": "runtime.linux-arm64.runtime.native.System.IO.Ports",
      "SPDXID": "SPDXRef-Package-E32BC8A384704413B84EF52AB9BF3FCB04AEFF0F8B58D75D0ECD8761B8FC2F89",
      "downloadLocation": "NOASSERTION",
      "filesAnalyzed": false,
      "licenseConcluded": "NOASSERTION",
      "licenseDeclared": "NOASSERTION",
      "copyrightText": "NOASSERTION",
      "versionInfo": "6.0.0",
      "externalRefs": [
        {
          "referenceCategory": "PACKAGE-MANAGER",
          "referenceType": "purl",
          "referenceLocator": "pkg:nuget/runtime.linux-arm64.runtime.native.System.IO.Ports@6.0.0"
        }
      ],
      "supplier": "NOASSERTION"
    },
    {
      "name": "xunit.abstractions",
      "SPDXID": "SPDXRef-Package-29226D2DDF69C0634D1475A99C6B6064278A14AFF039824E2AF684638B05B03E",
      "downloadLocation": "NOASSERTION",
      "filesAnalyzed": false,
      "licenseConcluded": "NOASSERTION",
      "licenseDeclared": "NOASSERTION",
      "copyrightText": "NOASSERTION",
      "versionInfo": "2.0.3",
      "externalRefs": [
        {
          "referenceCategory": "PACKAGE-MANAGER",
          "referenceType": "purl",
          "referenceLocator": "pkg:nuget/xunit.abstractions@2.0.3"
        }
      ],
      "supplier": "NOASSERTION"
    },
    {
      "name": "NuGet.Frameworks",
      "SPDXID": "SPDXRef-Package-3D762E0F169506279F40A11F69CB7F7E9DA3F36F47D6E7C2E17C3161DADB7FE8",
      "downloadLocation": "NOASSERTION",
      "filesAnalyzed": false,
      "licenseConcluded": "NOASSERTION",
      "licenseDeclared": "NOASSERTION",
      "copyrightText": "NOASSERTION",
      "versionInfo": "5.0.0",
      "externalRefs": [
        {
          "referenceCategory": "PACKAGE-MANAGER",
          "referenceType": "purl",
          "referenceLocator": "pkg:nuget/NuGet.Frameworks@5.0.0"
        }
      ],
      "supplier": "NOASSERTION"
    },
    {
      "name": "xunit.extensibility.core",
      "SPDXID": "SPDXRef-Package-FEC58C7F29FDF22E4C719712092A41A9787737DFCCA8BB1E9B81469A6EC29078",
      "downloadLocation": "NOASSERTION",
      "filesAnalyzed": false,
      "licenseConcluded": "NOASSERTION",
      "licenseDeclared": "NOASSERTION",
      "copyrightText": "NOASSERTION",
      "versionInfo": "2.4.1",
      "externalRefs": [
        {
          "referenceCategory": "PACKAGE-MANAGER",
          "referenceType": "purl",
          "referenceLocator": "pkg:nuget/xunit.extensibility.core@2.4.1"
        }
      ],
      "supplier": "NOASSERTION"
    },
    {
      "name": "Microsoft.PowerShell.SDK",
      "SPDXID": "SPDXRef-Package-FD5254E0640F4CAFC46168C8B809DD9B7892AC50A4B1D6A804605CC68F042ECE",
      "downloadLocation": "NOASSERTION",
      "filesAnalyzed": false,
      "licenseConcluded": "NOASSERTION",
      "licenseDeclared": "NOASSERTION",
      "copyrightText": "NOASSERTION",
      "versionInfo": "7.2.18",
      "externalRefs": [
        {
          "referenceCategory": "PACKAGE-MANAGER",
          "referenceType": "purl",
          "referenceLocator": "pkg:nuget/Microsoft.PowerShell.SDK@7.2.18"
        }
      ],
      "supplier": "NOASSERTION"
    },
    {
      "name": "System.Diagnostics.PerformanceCounter",
      "SPDXID": "SPDXRef-Package-CE811036CD9E2B102EFF7FFCCF35AACC53014504FE686CBFA7628C1F75400244",
      "downloadLocation": "NOASSERTION",
      "filesAnalyzed": false,
      "licenseConcluded": "NOASSERTION",
      "licenseDeclared": "NOASSERTION",
      "copyrightText": "NOASSERTION",
      "versionInfo": "6.0.1",
      "externalRefs": [
        {
          "referenceCategory": "PACKAGE-MANAGER",
          "referenceType": "purl",
          "referenceLocator": "pkg:nuget/System.Diagnostics.PerformanceCounter@6.0.1"
        }
      ],
      "supplier": "NOASSERTION"
    },
    {
      "name": "Microsoft.Management.Infrastructure.CimCmdlets",
      "SPDXID": "SPDXRef-Package-220AFB067DF73CA4695C08036021F2AF598196493217861C3C7BFCE90CC5CA25",
      "downloadLocation": "NOASSERTION",
      "filesAnalyzed": false,
      "licenseConcluded": "NOASSERTION",
      "licenseDeclared": "NOASSERTION",
      "copyrightText": "NOASSERTION",
      "versionInfo": "7.2.18",
      "externalRefs": [
        {
          "referenceCategory": "PACKAGE-MANAGER",
          "referenceType": "purl",
          "referenceLocator": "pkg:nuget/Microsoft.Management.Infrastructure.CimCmdlets@7.2.18"
        }
      ],
      "supplier": "NOASSERTION"
    },
    {
      "name": "System.Data.Odbc",
      "SPDXID": "SPDXRef-Package-6D55FAF667433894858DA80466978319808690A1D1FBD0CE01FDC4AFE113071C",
      "downloadLocation": "NOASSERTION",
      "filesAnalyzed": false,
      "licenseConcluded": "NOASSERTION",
      "licenseDeclared": "NOASSERTION",
      "copyrightText": "NOASSERTION",
      "versionInfo": "6.0.1",
      "externalRefs": [
        {
          "referenceCategory": "PACKAGE-MANAGER",
          "referenceType": "purl",
          "referenceLocator": "pkg:nuget/System.Data.Odbc@6.0.1"
        }
      ],
      "supplier": "NOASSERTION"
    },
    {
      "name": "Microsoft.PowerShell.Security",
      "SPDXID": "SPDXRef-Package-7C46DF82C3BDD3ACFDFA16EC0DDB7119E008B325A92F136326DA92E6C4874E06",
      "downloadLocation": "NOASSERTION",
      "filesAnalyzed": false,
      "licenseConcluded": "NOASSERTION",
      "licenseDeclared": "NOASSERTION",
      "copyrightText": "NOASSERTION",
      "versionInfo": "7.2.18",
      "externalRefs": [
        {
          "referenceCategory": "PACKAGE-MANAGER",
          "referenceType": "purl",
          "referenceLocator": "pkg:nuget/Microsoft.PowerShell.Security@7.2.18"
        }
      ],
      "supplier": "NOASSERTION"
    },
    {
      "name": "System.Data.DataSetExtensions",
      "SPDXID": "SPDXRef-Package-75EE8BDA02BC1F1E5EF4637221B6F573EEB2C97297F181523667F440A43567C9",
      "downloadLocation": "NOASSERTION",
      "filesAnalyzed": false,
      "licenseConcluded": "NOASSERTION",
      "licenseDeclared": "NOASSERTION",
      "copyrightText": "NOASSERTION",
      "versionInfo": "4.5.0",
      "externalRefs": [
        {
          "referenceCategory": "PACKAGE-MANAGER",
          "referenceType": "purl",
          "referenceLocator": "pkg:nuget/System.Data.DataSetExtensions@4.5.0"
        }
      ],
      "supplier": "NOASSERTION"
    },
    {
      "name": "Namotion.Reflection",
      "SPDXID": "SPDXRef-Package-CCC94FDA78F2FD38E1F35B3BE82A9DCD4ECF1B2A1B1D6F825675B527C80EF55B",
      "downloadLocation": "NOASSERTION",
      "filesAnalyzed": false,
      "licenseConcluded": "NOASSERTION",
      "licenseDeclared": "NOASSERTION",
      "copyrightText": "NOASSERTION",
      "versionInfo": "2.0.10",
      "externalRefs": [
        {
          "referenceCategory": "PACKAGE-MANAGER",
          "referenceType": "purl",
          "referenceLocator": "pkg:nuget/Namotion.Reflection@2.0.10"
        }
      ],
      "supplier": "NOASSERTION"
    },
    {
      "name": "System.Security.Cryptography.ProtectedData",
      "SPDXID": "SPDXRef-Package-D1B096B30BCD86DE321F316258E549B0D54C78F894D238FAE76D2E692119B5CA",
      "downloadLocation": "NOASSERTION",
      "filesAnalyzed": false,
      "licenseConcluded": "NOASSERTION",
      "licenseDeclared": "NOASSERTION",
      "copyrightText": "NOASSERTION",
      "versionInfo": "6.0.0",
      "externalRefs": [
        {
          "referenceCategory": "PACKAGE-MANAGER",
          "referenceType": "purl",
          "referenceLocator": "pkg:nuget/System.Security.Cryptography.ProtectedData@6.0.0"
        }
      ],
      "supplier": "NOASSERTION"
    },
    {
      "name": "System.Runtime.CompilerServices.Unsafe",
      "SPDXID": "SPDXRef-Package-1B140F7FA3F784DD56CC7A8B4145E9AD58D8CDD4C249A0F27F2262E47C9B41AF",
      "downloadLocation": "NOASSERTION",
      "filesAnalyzed": false,
      "licenseConcluded": "NOASSERTION",
      "licenseDeclared": "NOASSERTION",
      "copyrightText": "NOASSERTION",
      "versionInfo": "6.0.0",
      "externalRefs": [
        {
          "referenceCategory": "PACKAGE-MANAGER",
          "referenceType": "purl",
          "referenceLocator": "pkg:nuget/System.Runtime.CompilerServices.Unsafe@6.0.0"
        }
      ],
      "supplier": "NOASSERTION"
    },
    {
      "name": "Microsoft.WSMan.Runtime",
      "SPDXID": "SPDXRef-Package-F6B6A0DBB709C71A29A13378B9B0DDEF251C92D77EB822DB5C227D14412B9CF3",
      "downloadLocation": "NOASSERTION",
      "filesAnalyzed": false,
      "licenseConcluded": "NOASSERTION",
      "licenseDeclared": "NOASSERTION",
      "copyrightText": "NOASSERTION",
      "versionInfo": "7.2.18",
      "externalRefs": [
        {
          "referenceCategory": "PACKAGE-MANAGER",
          "referenceType": "purl",
          "referenceLocator": "pkg:nuget/Microsoft.WSMan.Runtime@7.2.18"
        }
      ],
      "supplier": "NOASSERTION"
    },
    {
      "name": "runtime.win-x86.runtime.native.System.Data.SqlClient.sni",
      "SPDXID": "SPDXRef-Package-46C766C74EA111ABF3DE103B538274FB1746B8F54710199959C37FA850D439D1",
      "downloadLocation": "NOASSERTION",
      "filesAnalyzed": false,
      "licenseConcluded": "NOASSERTION",
      "licenseDeclared": "NOASSERTION",
      "copyrightText": "NOASSERTION",
      "versionInfo": "4.4.0",
      "externalRefs": [
        {
          "referenceCategory": "PACKAGE-MANAGER",
          "referenceType": "purl",
          "referenceLocator": "pkg:nuget/runtime.win-x86.runtime.native.System.Data.SqlClient.sni@4.4.0"
        }
      ],
      "supplier": "NOASSERTION"
    },
    {
      "name": "System.Security.Cryptography.Xml",
      "SPDXID": "SPDXRef-Package-20BE3DEFC896D5D73D3A98E796FA9FFC92FF4A401991EFD8A9F6DCE980891B50",
      "downloadLocation": "NOASSERTION",
      "filesAnalyzed": false,
      "licenseConcluded": "NOASSERTION",
      "licenseDeclared": "NOASSERTION",
      "copyrightText": "NOASSERTION",
      "versionInfo": "6.0.1",
      "externalRefs": [
        {
          "referenceCategory": "PACKAGE-MANAGER",
          "referenceType": "purl",
          "referenceLocator": "pkg:nuget/System.Security.Cryptography.Xml@6.0.1"
        }
      ],
      "supplier": "NOASSERTION"
    },
    {
      "name": "runtime.win-arm64.runtime.native.System.Data.SqlClient.sni",
      "SPDXID": "SPDXRef-Package-6DCCEDA2DAD73EE222918430543E67924B64B2B7C160A5F53187C363E9227B05",
      "downloadLocation": "NOASSERTION",
      "filesAnalyzed": false,
      "licenseConcluded": "NOASSERTION",
      "licenseDeclared": "NOASSERTION",
      "copyrightText": "NOASSERTION",
      "versionInfo": "4.4.0",
      "externalRefs": [
        {
          "referenceCategory": "PACKAGE-MANAGER",
          "referenceType": "purl",
          "referenceLocator": "pkg:nuget/runtime.win-arm64.runtime.native.System.Data.SqlClient.sni@4.4.0"
        }
      ],
      "supplier": "NOASSERTION"
    },
    {
      "name": "System.Net.Http.WinHttpHandler",
      "SPDXID": "SPDXRef-Package-91864FE17BA6807BA6F3CFD69A7594B892B5C13761FE2355FD3719BC2C7B3D16",
      "downloadLocation": "NOASSERTION",
      "filesAnalyzed": false,
      "licenseConcluded": "NOASSERTION",
      "licenseDeclared": "NOASSERTION",
      "copyrightText": "NOASSERTION",
      "versionInfo": "6.0.1",
      "externalRefs": [
        {
          "referenceCategory": "PACKAGE-MANAGER",
          "referenceType": "purl",
          "referenceLocator": "pkg:nuget/System.Net.Http.WinHttpHandler@6.0.1"
        }
      ],
      "supplier": "NOASSERTION"
    },
    {
      "name": "System.Speech",
      "SPDXID": "SPDXRef-Package-C5CC142F30EB8BE9CF471BAD8EEBDC2AEE7D7846826275D62DE11B3E1196666D",
      "downloadLocation": "NOASSERTION",
      "filesAnalyzed": false,
      "licenseConcluded": "NOASSERTION",
      "licenseDeclared": "NOASSERTION",
      "copyrightText": "NOASSERTION",
      "versionInfo": "6.0.0",
      "externalRefs": [
        {
          "referenceCategory": "PACKAGE-MANAGER",
          "referenceType": "purl",
          "referenceLocator": "pkg:nuget/System.Speech@6.0.0"
        }
      ],
      "supplier": "NOASSERTION"
    },
    {
      "name": "System.Security.AccessControl",
      "SPDXID": "SPDXRef-Package-BD5D3E09B5B6D3451EDDD1D32105D059705408E4BF509FF6EA91ABE0158BBCFC",
      "downloadLocation": "NOASSERTION",
      "filesAnalyzed": false,
      "licenseConcluded": "NOASSERTION",
      "licenseDeclared": "NOASSERTION",
      "copyrightText": "NOASSERTION",
      "versionInfo": "6.0.0",
      "externalRefs": [
        {
          "referenceCategory": "PACKAGE-MANAGER",
          "referenceType": "purl",
          "referenceLocator": "pkg:nuget/System.Security.AccessControl@6.0.0"
        }
      ],
      "supplier": "NOASSERTION"
    },
    {
      "name": "System.ServiceModel.Syndication",
      "SPDXID": "SPDXRef-Package-B58252990A594C77C4C11A1C1DDEB688068BC3C81B5FB5DEDD643E6741E44E16",
      "downloadLocation": "NOASSERTION",
      "filesAnalyzed": false,
      "licenseConcluded": "NOASSERTION",
      "licenseDeclared": "NOASSERTION",
      "copyrightText": "NOASSERTION",
      "versionInfo": "6.0.0",
      "externalRefs": [
        {
          "referenceCategory": "PACKAGE-MANAGER",
          "referenceType": "purl",
          "referenceLocator": "pkg:nuget/System.ServiceModel.Syndication@6.0.0"
        }
      ],
      "supplier": "NOASSERTION"
    },
    {
      "name": "System.ServiceModel.Security",
      "SPDXID": "SPDXRef-Package-FEC676D513730C2A73971684FC6079995E523F20D7153D4600B466A6720B3A30",
      "downloadLocation": "NOASSERTION",
      "filesAnalyzed": false,
      "licenseConcluded": "NOASSERTION",
      "licenseDeclared": "NOASSERTION",
      "copyrightText": "NOASSERTION",
      "versionInfo": "4.9.0",
      "externalRefs": [
        {
          "referenceCategory": "PACKAGE-MANAGER",
          "referenceType": "purl",
          "referenceLocator": "pkg:nuget/System.ServiceModel.Security@4.9.0"
        }
      ],
      "supplier": "NOASSERTION"
    },
    {
      "name": "Microsoft.Windows.Compatibility",
      "SPDXID": "SPDXRef-Package-B3C8536354AF112B91F70AB52F8A90ECBEE1A45D9F50FFAB58D012BC4902D4B9",
      "downloadLocation": "NOASSERTION",
      "filesAnalyzed": false,
      "licenseConcluded": "NOASSERTION",
      "licenseDeclared": "NOASSERTION",
      "copyrightText": "NOASSERTION",
      "versionInfo": "6.0.7",
      "externalRefs": [
        {
          "referenceCategory": "PACKAGE-MANAGER",
          "referenceType": "purl",
          "referenceLocator": "pkg:nuget/Microsoft.Windows.Compatibility@6.0.7"
        }
      ],
      "supplier": "NOASSERTION"
    },
    {
      "name": "System.ComponentModel.Composition",
      "SPDXID": "SPDXRef-Package-E58AC156268ABFA656C7A9B6538E3C47D1429964A49012CA1E701E7D2C8D18D0",
      "downloadLocation": "NOASSERTION",
      "filesAnalyzed": false,
      "licenseConcluded": "NOASSERTION",
      "licenseDeclared": "NOASSERTION",
      "copyrightText": "NOASSERTION",
      "versionInfo": "6.0.0",
      "externalRefs": [
        {
          "referenceCategory": "PACKAGE-MANAGER",
          "referenceType": "purl",
          "referenceLocator": "pkg:nuget/System.ComponentModel.Composition@6.0.0"
        }
      ],
      "supplier": "NOASSERTION"
    },
    {
      "name": "System.IO.Packaging",
      "SPDXID": "SPDXRef-Package-895DEB7AD35BF72365E0715BFE1B713489D627A823BE2F8618E355E48A2C7042",
      "downloadLocation": "NOASSERTION",
      "filesAnalyzed": false,
      "licenseConcluded": "NOASSERTION",
      "licenseDeclared": "NOASSERTION",
      "copyrightText": "NOASSERTION",
      "versionInfo": "6.0.0",
      "externalRefs": [
        {
          "referenceCategory": "PACKAGE-MANAGER",
          "referenceType": "purl",
          "referenceLocator": "pkg:nuget/System.IO.Packaging@6.0.0"
        }
      ],
      "supplier": "NOASSERTION"
    },
    {
      "name": "xunit.extensibility.execution",
      "SPDXID": "SPDXRef-Package-A4059A520108C80C86214C5BC55E08B0B12F7328E5E3D7027AA4FCA5224937A9",
      "downloadLocation": "NOASSERTION",
      "filesAnalyzed": false,
      "licenseConcluded": "NOASSERTION",
      "licenseDeclared": "NOASSERTION",
      "copyrightText": "NOASSERTION",
      "versionInfo": "2.4.1",
      "externalRefs": [
        {
          "referenceCategory": "PACKAGE-MANAGER",
          "referenceType": "purl",
          "referenceLocator": "pkg:nuget/xunit.extensibility.execution@2.4.1"
        }
      ],
      "supplier": "NOASSERTION"
    },
    {
      "name": "Microsoft.NET.Test.Sdk",
      "SPDXID": "SPDXRef-Package-753C3608F28A46B7D362B2E4DF7FE53B5876688C477AF3EB98E96B06DA64D6DE",
      "downloadLocation": "NOASSERTION",
      "filesAnalyzed": false,
      "licenseConcluded": "NOASSERTION",
      "licenseDeclared": "NOASSERTION",
      "copyrightText": "NOASSERTION",
      "versionInfo": "16.7.1",
      "externalRefs": [
        {
          "referenceCategory": "PACKAGE-MANAGER",
          "referenceType": "purl",
          "referenceLocator": "pkg:nuget/Microsoft.NET.Test.Sdk@16.7.1"
        }
      ],
      "supplier": "NOASSERTION"
    },
    {
      "name": "Markdig.Signed",
      "SPDXID": "SPDXRef-Package-F1CC930B6E9D3DD3CB5AE740CF5BB24556BC0E2BD313A1896AB059FCBD694587",
      "downloadLocation": "NOASSERTION",
      "filesAnalyzed": false,
      "licenseConcluded": "NOASSERTION",
      "licenseDeclared": "NOASSERTION",
      "copyrightText": "NOASSERTION",
      "versionInfo": "0.31.0",
      "externalRefs": [
        {
          "referenceCategory": "PACKAGE-MANAGER",
          "referenceType": "purl",
          "referenceLocator": "pkg:nuget/Markdig.Signed@0.31.0"
        }
      ],
      "supplier": "NOASSERTION"
    },
    {
      "name": "Microsoft.PowerShell.Commands.Management",
      "SPDXID": "SPDXRef-Package-EA3A16D6596C8D7101E6C98F42757CE04693463CEBDEAA7F4D21CB423756737F",
      "downloadLocation": "NOASSERTION",
      "filesAnalyzed": false,
      "licenseConcluded": "NOASSERTION",
      "licenseDeclared": "NOASSERTION",
      "copyrightText": "NOASSERTION",
      "versionInfo": "7.2.18",
      "externalRefs": [
        {
          "referenceCategory": "PACKAGE-MANAGER",
          "referenceType": "purl",
          "referenceLocator": "pkg:nuget/Microsoft.PowerShell.Commands.Management@7.2.18"
        }
      ],
      "supplier": "NOASSERTION"
    },
    {
      "name": "Microsoft.Win32.SystemEvents",
      "SPDXID": "SPDXRef-Package-00BD5BD260A48D668830C4A95B7954B55FD02DC0B3AA67D8283666B21A2B63FC",
      "downloadLocation": "NOASSERTION",
      "filesAnalyzed": false,
      "licenseConcluded": "NOASSERTION",
      "licenseDeclared": "NOASSERTION",
      "copyrightText": "NOASSERTION",
      "versionInfo": "6.0.1",
      "externalRefs": [
        {
          "referenceCategory": "PACKAGE-MANAGER",
          "referenceType": "purl",
          "referenceLocator": "pkg:nuget/Microsoft.Win32.SystemEvents@6.0.1"
        }
      ],
      "supplier": "NOASSERTION"
    },
    {
      "name": "Xunit.SkippableFact",
      "SPDXID": "SPDXRef-Package-DD2D54841D52B7B8590EEE8DAC92B5F591313AEF7407B0F8B1EB1B5752850B10",
      "downloadLocation": "NOASSERTION",
      "filesAnalyzed": false,
      "licenseConcluded": "NOASSERTION",
      "licenseDeclared": "NOASSERTION",
      "copyrightText": "NOASSERTION",
      "versionInfo": "1.4.13",
      "externalRefs": [
        {
          "referenceCategory": "PACKAGE-MANAGER",
          "referenceType": "purl",
          "referenceLocator": "pkg:nuget/Xunit.SkippableFact@1.4.13"
        }
      ],
      "supplier": "NOASSERTION"
    },
    {
      "name": "System.Management.Automation",
      "SPDXID": "SPDXRef-Package-BC9E930B2E7D84EE7A937454E7820451BBB5612BA6EA7E055EAFA050FA5D965D",
      "downloadLocation": "NOASSERTION",
      "filesAnalyzed": false,
      "licenseConcluded": "NOASSERTION",
      "licenseDeclared": "NOASSERTION",
      "copyrightText": "NOASSERTION",
      "versionInfo": "7.2.18",
      "externalRefs": [
        {
          "referenceCategory": "PACKAGE-MANAGER",
          "referenceType": "purl",
          "referenceLocator": "pkg:nuget/System.Management.Automation@7.2.18"
        }
      ],
      "supplier": "NOASSERTION"
    },
    {
      "name": "System.CodeDom",
      "SPDXID": "SPDXRef-Package-8C2272E9A8C5CD64644B0DED8F50E74915AF424C4590D31B7FBC202C963E578F",
      "downloadLocation": "NOASSERTION",
      "filesAnalyzed": false,
      "licenseConcluded": "NOASSERTION",
      "licenseDeclared": "NOASSERTION",
      "copyrightText": "NOASSERTION",
      "versionInfo": "6.0.0",
      "externalRefs": [
        {
          "referenceCategory": "PACKAGE-MANAGER",
          "referenceType": "purl",
          "referenceLocator": "pkg:nuget/System.CodeDom@6.0.0"
        }
      ],
      "supplier": "NOASSERTION"
    },
    {
      "name": "Microsoft.PowerShell.Commands.Diagnostics",
      "SPDXID": "SPDXRef-Package-7FD0996EF6FF2B87CF84B72BD56D51164F5C58C7E1236812A314DC547346C799",
      "downloadLocation": "NOASSERTION",
      "filesAnalyzed": false,
      "licenseConcluded": "NOASSERTION",
      "licenseDeclared": "NOASSERTION",
      "copyrightText": "NOASSERTION",
      "versionInfo": "7.2.18",
      "externalRefs": [
        {
          "referenceCategory": "PACKAGE-MANAGER",
          "referenceType": "purl",
          "referenceLocator": "pkg:nuget/Microsoft.PowerShell.Commands.Diagnostics@7.2.18"
        }
      ],
      "supplier": "NOASSERTION"
    },
    {
      "name": "NJsonSchema",
      "SPDXID": "SPDXRef-Package-44186241F8D50C7B3C15C06AC4C557EFF2E50EB59FAA1DF6D1498B136DE087F0",
      "downloadLocation": "NOASSERTION",
      "filesAnalyzed": false,
      "licenseConcluded": "NOASSERTION",
      "licenseDeclared": "NOASSERTION",
      "copyrightText": "NOASSERTION",
      "versionInfo": "10.5.2",
      "externalRefs": [
        {
          "referenceCategory": "PACKAGE-MANAGER",
          "referenceType": "purl",
          "referenceLocator": "pkg:nuget/NJsonSchema@10.5.2"
        }
      ],
      "supplier": "NOASSERTION"
    },
    {
      "name": "System.Management",
      "SPDXID": "SPDXRef-Package-CFCF960A710B58DAB11D9115FB949086AB71660269CAE3F3A1D8DA8C447BD4D8",
      "downloadLocation": "NOASSERTION",
      "filesAnalyzed": false,
      "licenseConcluded": "NOASSERTION",
      "licenseDeclared": "NOASSERTION",
      "copyrightText": "NOASSERTION",
      "versionInfo": "6.0.2",
      "externalRefs": [
        {
          "referenceCategory": "PACKAGE-MANAGER",
          "referenceType": "purl",
          "referenceLocator": "pkg:nuget/System.Management@6.0.2"
        }
      ],
      "supplier": "NOASSERTION"
    },
    {
      "name": "System.Private.ServiceModel",
      "SPDXID": "SPDXRef-Package-234C05D14DD47F1D0D37F8331983BC56C9DC44BD754896FD4E942AEBA22C9623",
      "downloadLocation": "NOASSERTION",
      "filesAnalyzed": false,
      "licenseConcluded": "NOASSERTION",
      "licenseDeclared": "NOASSERTION",
      "copyrightText": "NOASSERTION",
      "versionInfo": "4.9.0",
      "externalRefs": [
        {
          "referenceCategory": "PACKAGE-MANAGER",
          "referenceType": "purl",
          "referenceLocator": "pkg:nuget/System.Private.ServiceModel@4.9.0"
        }
      ],
      "supplier": "NOASSERTION"
    },
    {
      "name": "runtime.linux-x64.runtime.native.System.IO.Ports",
      "SPDXID": "SPDXRef-Package-F111BCF3D2E488837682822007B7C4A05F5095769BA5E4F7ACC5F8088C5E9371",
      "downloadLocation": "NOASSERTION",
      "filesAnalyzed": false,
      "licenseConcluded": "NOASSERTION",
      "licenseDeclared": "NOASSERTION",
      "copyrightText": "NOASSERTION",
      "versionInfo": "6.0.0",
      "externalRefs": [
        {
          "referenceCategory": "PACKAGE-MANAGER",
          "referenceType": "purl",
          "referenceLocator": "pkg:nuget/runtime.linux-x64.runtime.native.System.IO.Ports@6.0.0"
        }
      ],
      "supplier": "NOASSERTION"
    },
    {
      "name": "System.Data.SqlClient",
      "SPDXID": "SPDXRef-Package-2261A58500D95C9E05DDE33969B99251D9BA5A741BE5F22D21505A76932FE391",
      "downloadLocation": "NOASSERTION",
      "filesAnalyzed": false,
      "licenseConcluded": "NOASSERTION",
      "licenseDeclared": "NOASSERTION",
      "copyrightText": "NOASSERTION",
      "versionInfo": "4.8.6",
      "externalRefs": [
        {
          "referenceCategory": "PACKAGE-MANAGER",
          "referenceType": "purl",
          "referenceLocator": "pkg:nuget/System.Data.SqlClient@4.8.6"
        }
      ],
      "supplier": "NOASSERTION"
    },
    {
      "name": "System.Security.Permissions",
      "SPDXID": "SPDXRef-Package-79D23D36E35382A94AE37114DC01A4E20E19FC25E0D5C079BE6A506D4EF964E0",
      "downloadLocation": "NOASSERTION",
      "filesAnalyzed": false,
      "licenseConcluded": "NOASSERTION",
      "licenseDeclared": "NOASSERTION",
      "copyrightText": "NOASSERTION",
      "versionInfo": "6.0.0",
      "externalRefs": [
        {
          "referenceCategory": "PACKAGE-MANAGER",
          "referenceType": "purl",
          "referenceLocator": "pkg:nuget/System.Security.Permissions@6.0.0"
        }
      ],
      "supplier": "NOASSERTION"
    },
    {
      "name": "System.Drawing.Common",
      "SPDXID": "SPDXRef-Package-731726FF31D732CB840F565565BE564403F6DC2B192C2B84BF963BD50CB69C76",
      "downloadLocation": "NOASSERTION",
      "filesAnalyzed": false,
      "licenseConcluded": "NOASSERTION",
      "licenseDeclared": "NOASSERTION",
      "copyrightText": "NOASSERTION",
      "versionInfo": "6.0.0",
      "externalRefs": [
        {
          "referenceCategory": "PACKAGE-MANAGER",
          "referenceType": "purl",
          "referenceLocator": "pkg:nuget/System.Drawing.Common@6.0.0"
        }
      ],
      "supplier": "NOASSERTION"
    },
    {
      "name": "xunit.runner.visualstudio",
      "SPDXID": "SPDXRef-Package-60BDFB436058E47B0683DB0152A48E9A2D6B04F77DA69147B86A5F51EEF7705A",
      "downloadLocation": "NOASSERTION",
      "filesAnalyzed": false,
      "licenseConcluded": "NOASSERTION",
      "licenseDeclared": "NOASSERTION",
      "copyrightText": "NOASSERTION",
      "versionInfo": "2.4.3",
      "externalRefs": [
        {
          "referenceCategory": "PACKAGE-MANAGER",
          "referenceType": "purl",
          "referenceLocator": "pkg:nuget/xunit.runner.visualstudio@2.4.3"
        }
      ],
      "supplier": "NOASSERTION"
    },
    {
      "name": "runtime.osx-x64.runtime.native.System.IO.Ports",
      "SPDXID": "SPDXRef-Package-EDFDDCC95208D29BB26B2E326655CFDD69C464F21D24C0C30C2787C5FADC4DFB",
      "downloadLocation": "NOASSERTION",
      "filesAnalyzed": false,
      "licenseConcluded": "NOASSERTION",
      "licenseDeclared": "NOASSERTION",
      "copyrightText": "NOASSERTION",
      "versionInfo": "6.0.0",
      "externalRefs": [
        {
          "referenceCategory": "PACKAGE-MANAGER",
          "referenceType": "purl",
          "referenceLocator": "pkg:nuget/runtime.osx-x64.runtime.native.System.IO.Ports@6.0.0"
        }
      ],
      "supplier": "NOASSERTION"
    },
    {
      "name": "xunit.analyzers",
      "SPDXID": "SPDXRef-Package-95CAC702E88993E8FEC7F6E7EC2489D3FC68CC1BE88BD081BC24A6E244A60E68",
      "downloadLocation": "NOASSERTION",
      "filesAnalyzed": false,
      "licenseConcluded": "NOASSERTION",
      "licenseDeclared": "NOASSERTION",
      "copyrightText": "NOASSERTION",
      "versionInfo": "0.10.0",
      "externalRefs": [
        {
          "referenceCategory": "PACKAGE-MANAGER",
          "referenceType": "purl",
          "referenceLocator": "pkg:nuget/xunit.analyzers@0.10.0"
        }
      ],
      "supplier": "NOASSERTION"
    },
    {
      "name": "Microsoft.TestPlatform.TestHost",
      "SPDXID": "SPDXRef-Package-D52CD001D2995D41CC49B2E3262AD34924C8334D45D9088C45303F4C56C6A037",
      "downloadLocation": "NOASSERTION",
      "filesAnalyzed": false,
      "licenseConcluded": "NOASSERTION",
      "licenseDeclared": "NOASSERTION",
      "copyrightText": "NOASSERTION",
      "versionInfo": "16.7.1",
      "externalRefs": [
        {
          "referenceCategory": "PACKAGE-MANAGER",
          "referenceType": "purl",
          "referenceLocator": "pkg:nuget/Microsoft.TestPlatform.TestHost@16.7.1"
        }
      ],
      "supplier": "NOASSERTION"
    },
    {
      "name": "Microsoft.WSMan.Management",
      "SPDXID": "SPDXRef-Package-D37A54F6D7CB6B5493B33C856D6AB7A93B06FE5622A738E6A81812FC820A7B05",
      "downloadLocation": "NOASSERTION",
      "filesAnalyzed": false,
      "licenseConcluded": "NOASSERTION",
      "licenseDeclared": "NOASSERTION",
      "copyrightText": "NOASSERTION",
      "versionInfo": "7.2.18",
      "externalRefs": [
        {
          "referenceCategory": "PACKAGE-MANAGER",
          "referenceType": "purl",
          "referenceLocator": "pkg:nuget/Microsoft.WSMan.Management@7.2.18"
        }
      ],
      "supplier": "NOASSERTION"
    },
    {
      "name": "System.ServiceModel.NetTcp",
      "SPDXID": "SPDXRef-Package-8D7907CD1B5E791B5A4F28823597562C24A8F002EEDFC6E6734EAEC6921BA8F2",
      "downloadLocation": "NOASSERTION",
      "filesAnalyzed": false,
      "licenseConcluded": "NOASSERTION",
      "licenseDeclared": "NOASSERTION",
      "copyrightText": "NOASSERTION",
      "versionInfo": "4.9.0",
      "externalRefs": [
        {
          "referenceCategory": "PACKAGE-MANAGER",
          "referenceType": "purl",
          "referenceLocator": "pkg:nuget/System.ServiceModel.NetTcp@4.9.0"
        }
      ],
      "supplier": "NOASSERTION"
    },
    {
      "name": "Microsoft.Win32.SystemEvents",
      "SPDXID": "SPDXRef-Package-E683A325E1847FBD6074F9CF6EB0A6DAEC5DD81452232F5CE9A5E2F53A9EAE5F",
      "downloadLocation": "NOASSERTION",
      "filesAnalyzed": false,
      "licenseConcluded": "NOASSERTION",
      "licenseDeclared": "NOASSERTION",
      "copyrightText": "NOASSERTION",
      "versionInfo": "6.0.0",
      "externalRefs": [
        {
          "referenceCategory": "PACKAGE-MANAGER",
          "referenceType": "purl",
          "referenceLocator": "pkg:nuget/Microsoft.Win32.SystemEvents@6.0.0"
        }
      ],
      "supplier": "NOASSERTION"
    },
    {
      "name": "runtime.win-x64.runtime.native.System.Data.SqlClient.sni",
      "SPDXID": "SPDXRef-Package-1A14F5D545D1F368E68AA57857288A722F661A5A787DA7208672C45C855D6511",
      "downloadLocation": "NOASSERTION",
      "filesAnalyzed": false,
      "licenseConcluded": "NOASSERTION",
      "licenseDeclared": "NOASSERTION",
      "copyrightText": "NOASSERTION",
      "versionInfo": "4.4.0",
      "externalRefs": [
        {
          "referenceCategory": "PACKAGE-MANAGER",
          "referenceType": "purl",
          "referenceLocator": "pkg:nuget/runtime.win-x64.runtime.native.System.Data.SqlClient.sni@4.4.0"
        }
      ],
      "supplier": "NOASSERTION"
    },
    {
      "name": "runtime.linux-arm.runtime.native.System.IO.Ports",
      "SPDXID": "SPDXRef-Package-89A8189D4F4D671D008FFC0F1206766B6224E25DBAFF38B5CA4D83827DF8718B",
      "downloadLocation": "NOASSERTION",
      "filesAnalyzed": false,
      "licenseConcluded": "NOASSERTION",
      "licenseDeclared": "NOASSERTION",
      "copyrightText": "NOASSERTION",
      "versionInfo": "6.0.0",
      "externalRefs": [
        {
          "referenceCategory": "PACKAGE-MANAGER",
          "referenceType": "purl",
          "referenceLocator": "pkg:nuget/runtime.linux-arm.runtime.native.System.IO.Ports@6.0.0"
        }
      ],
      "supplier": "NOASSERTION"
    },
    {
      "name": "System.Formats.Asn1",
      "SPDXID": "SPDXRef-Package-D60BE9A079A339572CC368D77C4FE3CD4860E5B2846B9831B99485A3ABD77F4B",
      "downloadLocation": "NOASSERTION",
      "filesAnalyzed": false,
      "licenseConcluded": "NOASSERTION",
      "licenseDeclared": "NOASSERTION",
      "copyrightText": "NOASSERTION",
      "versionInfo": "6.0.0",
      "externalRefs": [
        {
          "referenceCategory": "PACKAGE-MANAGER",
          "referenceType": "purl",
          "referenceLocator": "pkg:nuget/System.Formats.Asn1@6.0.0"
        }
      ],
      "supplier": "NOASSERTION"
    },
    {
      "name": "System.Configuration.ConfigurationManager",
      "SPDXID": "SPDXRef-Package-90A806B3B00B8A78040505756EBEE76710D66B822C5DDAB8DACFC3F53548B182",
      "downloadLocation": "NOASSERTION",
      "filesAnalyzed": false,
      "licenseConcluded": "NOASSERTION",
      "licenseDeclared": "NOASSERTION",
      "copyrightText": "NOASSERTION",
      "versionInfo": "6.0.1",
      "externalRefs": [
        {
          "referenceCategory": "PACKAGE-MANAGER",
          "referenceType": "purl",
          "referenceLocator": "pkg:nuget/System.Configuration.ConfigurationManager@6.0.1"
        }
      ],
      "supplier": "NOASSERTION"
    },
    {
      "name": "System.Windows.Extensions",
      "SPDXID": "SPDXRef-Package-528AD452683D34DE8F5D57CB988359D7FF23F27BC88404C20BE4F745D04B6266",
      "downloadLocation": "NOASSERTION",
      "filesAnalyzed": false,
      "licenseConcluded": "NOASSERTION",
      "licenseDeclared": "NOASSERTION",
      "copyrightText": "NOASSERTION",
      "versionInfo": "6.0.0",
      "externalRefs": [
        {
          "referenceCategory": "PACKAGE-MANAGER",
          "referenceType": "purl",
          "referenceLocator": "pkg:nuget/System.Windows.Extensions@6.0.0"
        }
      ],
      "supplier": "NOASSERTION"
    },
    {
      "name": "System.DirectoryServices.AccountManagement",
      "SPDXID": "SPDXRef-Package-E8DAD3C1E26889E6AC19C9E59D2CDB82DE1846DB67B7F0ABBF375AD516DB9206",
      "downloadLocation": "NOASSERTION",
      "filesAnalyzed": false,
      "licenseConcluded": "NOASSERTION",
      "licenseDeclared": "NOASSERTION",
      "copyrightText": "NOASSERTION",
      "versionInfo": "6.0.0",
      "externalRefs": [
        {
          "referenceCategory": "PACKAGE-MANAGER",
          "referenceType": "purl",
          "referenceLocator": "pkg:nuget/System.DirectoryServices.AccountManagement@6.0.0"
        }
      ],
      "supplier": "NOASSERTION"
    },
    {
      "name": "Microsoft.Management.Infrastructure.Runtime.Unix",
      "SPDXID": "SPDXRef-Package-337484C52BFC936B5BE2580EEC0A6511354EC5602F0F2354CA4BA956C0479F4A",
      "downloadLocation": "NOASSERTION",
      "filesAnalyzed": false,
      "licenseConcluded": "NOASSERTION",
      "licenseDeclared": "NOASSERTION",
      "copyrightText": "NOASSERTION",
      "versionInfo": "2.0.0",
      "externalRefs": [
        {
          "referenceCategory": "PACKAGE-MANAGER",
          "referenceType": "purl",
          "referenceLocator": "pkg:nuget/Microsoft.Management.Infrastructure.Runtime.Unix@2.0.0"
        }
      ],
      "supplier": "NOASSERTION"
    },
    {
      "name": "System.DirectoryServices.Protocols",
      "SPDXID": "SPDXRef-Package-14C9003EAA1238B37898DF2D3F0CE401B39343BFCBD0B48247502F3FC246902D",
      "downloadLocation": "NOASSERTION",
      "filesAnalyzed": false,
      "licenseConcluded": "NOASSERTION",
      "licenseDeclared": "NOASSERTION",
      "copyrightText": "NOASSERTION",
      "versionInfo": "6.0.2",
      "externalRefs": [
        {
          "referenceCategory": "PACKAGE-MANAGER",
          "referenceType": "purl",
          "referenceLocator": "pkg:nuget/System.DirectoryServices.Protocols@6.0.2"
        }
      ],
      "supplier": "NOASSERTION"
    },
    {
      "name": "Microsoft.Extensions.ObjectPool",
      "SPDXID": "SPDXRef-Package-62E6532BD1845444F24C732CA3502BDC2E1A4851412483F4907F1C00F07CE0E1",
      "downloadLocation": "NOASSERTION",
      "filesAnalyzed": false,
      "licenseConcluded": "NOASSERTION",
      "licenseDeclared": "NOASSERTION",
      "copyrightText": "NOASSERTION",
      "versionInfo": "5.0.17",
      "externalRefs": [
        {
          "referenceCategory": "PACKAGE-MANAGER",
          "referenceType": "purl",
          "referenceLocator": "pkg:nuget/Microsoft.Extensions.ObjectPool@5.0.17"
        }
      ],
      "supplier": "NOASSERTION"
    },
    {
      "name": "System.ComponentModel.Composition.Registration",
      "SPDXID": "SPDXRef-Package-24BCDA27604A07DAE27581E115B0134045E7FB49A858FCD79AD446D8BCD53BEC",
      "downloadLocation": "NOASSERTION",
      "filesAnalyzed": false,
      "licenseConcluded": "NOASSERTION",
      "licenseDeclared": "NOASSERTION",
      "copyrightText": "NOASSERTION",
      "versionInfo": "6.0.0",
      "externalRefs": [
        {
          "referenceCategory": "PACKAGE-MANAGER",
          "referenceType": "purl",
          "referenceLocator": "pkg:nuget/System.ComponentModel.Composition.Registration@6.0.0"
        }
      ],
      "supplier": "NOASSERTION"
    },
    {
      "name": "Microsoft.ApplicationInsights",
      "SPDXID": "SPDXRef-Package-2E0BBEAF0EB8B69339E6071A2989DCFD4AF6F7EF1C2FC710EC9D500A53E90602",
      "downloadLocation": "NOASSERTION",
      "filesAnalyzed": false,
      "licenseConcluded": "NOASSERTION",
      "licenseDeclared": "NOASSERTION",
      "copyrightText": "NOASSERTION",
      "versionInfo": "2.21.0",
      "externalRefs": [
        {
          "referenceCategory": "PACKAGE-MANAGER",
          "referenceType": "purl",
          "referenceLocator": "pkg:nuget/Microsoft.ApplicationInsights@2.21.0"
        }
      ],
      "supplier": "NOASSERTION"
    },
    {
      "name": "System.Threading.AccessControl",
      "SPDXID": "SPDXRef-Package-34A8AFC6A122E36672B29A350987056CC325CD46F9AFB6E06039D9CFB846866D",
      "downloadLocation": "NOASSERTION",
      "filesAnalyzed": false,
      "licenseConcluded": "NOASSERTION",
      "licenseDeclared": "NOASSERTION",
      "copyrightText": "NOASSERTION",
      "versionInfo": "6.0.0",
      "externalRefs": [
        {
          "referenceCategory": "PACKAGE-MANAGER",
          "referenceType": "purl",
          "referenceLocator": "pkg:nuget/System.Threading.AccessControl@6.0.0"
        }
      ],
      "supplier": "NOASSERTION"
    },
    {
      "name": "XunitXml.TestLogger",
      "SPDXID": "SPDXRef-Package-F037A1B0730172FE984549B0ACED7DD8CD75D1AE7B2A0D39DB673DAE29052538",
      "downloadLocation": "NOASSERTION",
      "filesAnalyzed": false,
      "licenseConcluded": "NOASSERTION",
      "licenseDeclared": "NOASSERTION",
      "copyrightText": "NOASSERTION",
      "versionInfo": "2.1.26",
      "externalRefs": [
        {
          "referenceCategory": "PACKAGE-MANAGER",
          "referenceType": "purl",
          "referenceLocator": "pkg:nuget/XunitXml.TestLogger@2.1.26"
        }
      ],
      "supplier": "NOASSERTION"
    },
    {
      "name": "System.ServiceProcess.ServiceController",
      "SPDXID": "SPDXRef-Package-9177087A8AB9AD00907F2E12AC82C95C274D54AA4CBEB75F66D63EBE89788854",
      "downloadLocation": "NOASSERTION",
      "filesAnalyzed": false,
      "licenseConcluded": "NOASSERTION",
      "licenseDeclared": "NOASSERTION",
      "copyrightText": "NOASSERTION",
      "versionInfo": "6.0.1",
      "externalRefs": [
        {
          "referenceCategory": "PACKAGE-MANAGER",
          "referenceType": "purl",
          "referenceLocator": "pkg:nuget/System.ServiceProcess.ServiceController@6.0.1"
        }
      ],
      "supplier": "NOASSERTION"
    },
    {
      "name": "System.Data.OleDb",
      "SPDXID": "SPDXRef-Package-A537FE036BB5B047BC9DA9071A64766C48A2E20B604C721F3E499360BD720267",
      "downloadLocation": "NOASSERTION",
      "filesAnalyzed": false,
      "licenseConcluded": "NOASSERTION",
      "licenseDeclared": "NOASSERTION",
      "copyrightText": "NOASSERTION",
      "versionInfo": "6.0.0",
      "externalRefs": [
        {
          "referenceCategory": "PACKAGE-MANAGER",
          "referenceType": "purl",
          "referenceLocator": "pkg:nuget/System.Data.OleDb@6.0.0"
        }
      ],
      "supplier": "NOASSERTION"
    },
    {
      "name": "Microsoft.Management.Infrastructure",
      "SPDXID": "SPDXRef-Package-B4818DF507BF454F483D412A8DA720FE15316B607BA2F5300A9D59397AB2CAFE",
      "downloadLocation": "NOASSERTION",
      "filesAnalyzed": false,
      "licenseConcluded": "NOASSERTION",
      "licenseDeclared": "NOASSERTION",
      "copyrightText": "NOASSERTION",
      "versionInfo": "2.0.0",
      "externalRefs": [
        {
          "referenceCategory": "PACKAGE-MANAGER",
          "referenceType": "purl",
          "referenceLocator": "pkg:nuget/Microsoft.Management.Infrastructure@2.0.0"
        }
      ],
      "supplier": "NOASSERTION"
    },
    {
      "name": "xunit",
      "SPDXID": "SPDXRef-Package-5427CCCD417CDB4D83F420DE0D1F12C6F6C318DF5E3D504204317EE85D0DEEBE",
      "downloadLocation": "NOASSERTION",
      "filesAnalyzed": false,
      "licenseConcluded": "NOASSERTION",
      "licenseDeclared": "NOASSERTION",
      "copyrightText": "NOASSERTION",
      "versionInfo": "2.4.1",
      "externalRefs": [
        {
          "referenceCategory": "PACKAGE-MANAGER",
          "referenceType": "purl",
          "referenceLocator": "pkg:nuget/xunit@2.4.1"
        }
      ],
      "supplier": "NOASSERTION"
    },
    {
      "name": "xunit.core",
      "SPDXID": "SPDXRef-Package-28B06C6DFCF8BFCC74644E74CA082289A54DB7BED8B3CDB8A1909686D32C9526",
      "downloadLocation": "NOASSERTION",
      "filesAnalyzed": false,
      "licenseConcluded": "NOASSERTION",
      "licenseDeclared": "NOASSERTION",
      "copyrightText": "NOASSERTION",
      "versionInfo": "2.4.1",
      "externalRefs": [
        {
          "referenceCategory": "PACKAGE-MANAGER",
          "referenceType": "purl",
          "referenceLocator": "pkg:nuget/xunit.core@2.4.1"
        }
      ],
      "supplier": "NOASSERTION"
    },
    {
      "name": "PowerShellStandard.Library",
      "SPDXID": "SPDXRef-Package-B512828296F96786715767A9D629FA4E02BEACAC0CC0BE4A7A1CFF55AF155FB6",
      "downloadLocation": "NOASSERTION",
      "filesAnalyzed": false,
      "licenseConcluded": "NOASSERTION",
      "licenseDeclared": "NOASSERTION",
      "copyrightText": "NOASSERTION",
      "versionInfo": "5.1.0",
      "externalRefs": [
        {
          "referenceCategory": "PACKAGE-MANAGER",
          "referenceType": "purl",
          "referenceLocator": "pkg:nuget/PowerShellStandard.Library@5.1.0"
        }
      ],
      "supplier": "NOASSERTION"
    },
    {
      "name": "System.Text.Encodings.Web",
      "SPDXID": "SPDXRef-Package-AC07F1EF24A7A4C8FDC4F792CC2A1DD9C6B82F0968E587304EB02252F0D02FEB",
      "downloadLocation": "NOASSERTION",
      "filesAnalyzed": false,
      "licenseConcluded": "NOASSERTION",
      "licenseDeclared": "NOASSERTION",
      "copyrightText": "NOASSERTION",
      "versionInfo": "6.0.0",
      "externalRefs": [
        {
          "referenceCategory": "PACKAGE-MANAGER",
          "referenceType": "purl",
          "referenceLocator": "pkg:nuget/System.Text.Encodings.Web@6.0.0"
        }
      ],
      "supplier": "NOASSERTION"
    },
    {
      "name": "Microsoft.PowerShell.CoreCLR.Eventing",
      "SPDXID": "SPDXRef-Package-105CF2A8ABEAF7BBAB222F2EF55B703877818E81C4B70A77DEAC3175AA9768D9",
      "downloadLocation": "NOASSERTION",
      "filesAnalyzed": false,
      "licenseConcluded": "NOASSERTION",
      "licenseDeclared": "NOASSERTION",
      "copyrightText": "NOASSERTION",
      "versionInfo": "7.2.18",
      "externalRefs": [
        {
          "referenceCategory": "PACKAGE-MANAGER",
          "referenceType": "purl",
          "referenceLocator": "pkg:nuget/Microsoft.PowerShell.CoreCLR.Eventing@7.2.18"
        }
      ],
      "supplier": "NOASSERTION"
    },
    {
      "name": "System.Security.Cryptography.Pkcs",
      "SPDXID": "SPDXRef-Package-411F2A543B99C8557276D134B725D085892D156F13394C699E45AF54DC4B313E",
      "downloadLocation": "NOASSERTION",
      "filesAnalyzed": false,
      "licenseConcluded": "NOASSERTION",
      "licenseDeclared": "NOASSERTION",
      "copyrightText": "NOASSERTION",
      "versionInfo": "6.0.4",
      "externalRefs": [
        {
          "referenceCategory": "PACKAGE-MANAGER",
          "referenceType": "purl",
          "referenceLocator": "pkg:nuget/System.Security.Cryptography.Pkcs@6.0.4"
        }
      ],
      "supplier": "NOASSERTION"
    },
    {
      "name": "runtime.osx-arm64.runtime.native.System.IO.Ports",
      "SPDXID": "SPDXRef-Package-7E4656F69E0ED86644E601C8E3EB5DEBD74A50193315A51763ADADE3D34C280C",
      "downloadLocation": "NOASSERTION",
      "filesAnalyzed": false,
      "licenseConcluded": "NOASSERTION",
      "licenseDeclared": "NOASSERTION",
      "copyrightText": "NOASSERTION",
      "versionInfo": "6.0.0",
      "externalRefs": [
        {
          "referenceCategory": "PACKAGE-MANAGER",
          "referenceType": "purl",
          "referenceLocator": "pkg:nuget/runtime.osx-arm64.runtime.native.System.IO.Ports@6.0.0"
        }
      ],
      "supplier": "NOASSERTION"
    },
    {
      "name": "xunit.assert",
      "SPDXID": "SPDXRef-Package-154937B3B04A5F385BC2E4F8CCDA261A8E8B3818EBDD9FCDC74DCDFD8F90E74F",
      "downloadLocation": "NOASSERTION",
      "filesAnalyzed": false,
      "licenseConcluded": "NOASSERTION",
      "licenseDeclared": "NOASSERTION",
      "copyrightText": "NOASSERTION",
      "versionInfo": "2.4.1",
      "externalRefs": [
        {
          "referenceCategory": "PACKAGE-MANAGER",
          "referenceType": "purl",
          "referenceLocator": "pkg:nuget/xunit.assert@2.4.1"
        }
      ],
      "supplier": "NOASSERTION"
    },
    {
      "name": "System.Diagnostics.EventLog",
      "SPDXID": "SPDXRef-Package-7C6B66E6438993913FDC04BC572AE4DF6572087685ABA8385E82B97D04D637D9",
      "downloadLocation": "NOASSERTION",
      "filesAnalyzed": false,
      "licenseConcluded": "NOASSERTION",
      "licenseDeclared": "NOASSERTION",
      "copyrightText": "NOASSERTION",
      "versionInfo": "6.0.0",
      "externalRefs": [
        {
          "referenceCategory": "PACKAGE-MANAGER",
          "referenceType": "purl",
          "referenceLocator": "pkg:nuget/System.Diagnostics.EventLog@6.0.0"
        }
      ],
      "supplier": "NOASSERTION"
    },
    {
      "name": "System.ServiceModel.Duplex",
      "SPDXID": "SPDXRef-Package-AAE7696AE113F9C59FA575AF5C3639452D24710B4172DF9217B89DF9FFA62367",
      "downloadLocation": "NOASSERTION",
      "filesAnalyzed": false,
      "licenseConcluded": "NOASSERTION",
      "licenseDeclared": "NOASSERTION",
      "copyrightText": "NOASSERTION",
      "versionInfo": "4.9.0",
      "externalRefs": [
        {
          "referenceCategory": "PACKAGE-MANAGER",
          "referenceType": "purl",
          "referenceLocator": "pkg:nuget/System.ServiceModel.Duplex@4.9.0"
        }
      ],
      "supplier": "NOASSERTION"
    },
    {
      "name": "Validation",
      "SPDXID": "SPDXRef-Package-ED6B5A1F0C7B6A5996E99BB697BB0464C3E7CBC0E222F3CC6B232F41DC5796D9",
      "downloadLocation": "NOASSERTION",
      "filesAnalyzed": false,
      "licenseConcluded": "NOASSERTION",
      "licenseDeclared": "NOASSERTION",
      "copyrightText": "NOASSERTION",
      "versionInfo": "2.4.18",
      "externalRefs": [
        {
          "referenceCategory": "PACKAGE-MANAGER",
          "referenceType": "purl",
          "referenceLocator": "pkg:nuget/Validation@2.4.18"
        }
      ],
      "supplier": "NOASSERTION"
    },
    {
      "name": "Microsoft.Bcl.AsyncInterfaces",
      "SPDXID": "SPDXRef-Package-342BA5C11805FDDCAF3A2BF48BFDCAB5C0240793089F89196209A39C580902E6",
      "downloadLocation": "NOASSERTION",
      "filesAnalyzed": false,
      "licenseConcluded": "NOASSERTION",
      "licenseDeclared": "NOASSERTION",
      "copyrightText": "NOASSERTION",
      "versionInfo": "5.0.0",
      "externalRefs": [
        {
          "referenceCategory": "PACKAGE-MANAGER",
          "referenceType": "purl",
          "referenceLocator": "pkg:nuget/Microsoft.Bcl.AsyncInterfaces@5.0.0"
        }
      ],
      "supplier": "NOASSERTION"
    },
    {
      "name": "runtime.native.System.IO.Ports",
      "SPDXID": "SPDXRef-Package-EE5D4072E9519D2BA5D871EC2B640BD506D199E51F6CB4D07A38AB8F87DAFABA",
      "downloadLocation": "NOASSERTION",
      "filesAnalyzed": false,
      "licenseConcluded": "NOASSERTION",
      "licenseDeclared": "NOASSERTION",
      "copyrightText": "NOASSERTION",
      "versionInfo": "6.0.0",
      "externalRefs": [
        {
          "referenceCategory": "PACKAGE-MANAGER",
          "referenceType": "purl",
          "referenceLocator": "pkg:nuget/runtime.native.System.IO.Ports@6.0.0"
        }
      ],
      "supplier": "NOASSERTION"
    },
    {
      "name": "runtime.native.System.Data.SqlClient.sni",
      "SPDXID": "SPDXRef-Package-ACDE318753E8F05102132DA3D3C3487B82F1D90907D631CE069769C44A30AEF9",
      "downloadLocation": "NOASSERTION",
      "filesAnalyzed": false,
      "licenseConcluded": "NOASSERTION",
      "licenseDeclared": "NOASSERTION",
      "copyrightText": "NOASSERTION",
      "versionInfo": "4.7.0",
      "externalRefs": [
        {
          "referenceCategory": "PACKAGE-MANAGER",
          "referenceType": "purl",
          "referenceLocator": "pkg:nuget/runtime.native.System.Data.SqlClient.sni@4.7.0"
        }
      ],
      "supplier": "NOASSERTION"
    },
    {
      "name": "System.DirectoryServices",
      "SPDXID": "SPDXRef-Package-82FA31219DDBDEBDAEDA66CCA505CA5DED3D02E8E018E811DC441597813D204F",
      "downloadLocation": "NOASSERTION",
      "filesAnalyzed": false,
      "licenseConcluded": "NOASSERTION",
      "licenseDeclared": "NOASSERTION",
      "copyrightText": "NOASSERTION",
      "versionInfo": "6.0.1",
      "externalRefs": [
        {
          "referenceCategory": "PACKAGE-MANAGER",
          "referenceType": "purl",
          "referenceLocator": "pkg:nuget/System.DirectoryServices@6.0.1"
        }
      ],
      "supplier": "NOASSERTION"
    },
    {
      "name": "System.ServiceModel.Http",
      "SPDXID": "SPDXRef-Package-D6F42666292EDBECCB8C18D71CB280412164D24D6DDA3F3B6E2B3F1C59FB1334",
      "downloadLocation": "NOASSERTION",
      "filesAnalyzed": false,
      "licenseConcluded": "NOASSERTION",
      "licenseDeclared": "NOASSERTION",
      "copyrightText": "NOASSERTION",
      "versionInfo": "4.9.0",
      "externalRefs": [
        {
          "referenceCategory": "PACKAGE-MANAGER",
          "referenceType": "purl",
          "referenceLocator": "pkg:nuget/System.ServiceModel.Http@4.9.0"
        }
      ],
      "supplier": "NOASSERTION"
    },
    {
      "name": "Microsoft.PowerShell.ConsoleHost",
      "SPDXID": "SPDXRef-Package-0C9B0D4FDAA6A30B7C22BEC0185CBF44A432F88B5B44718F6592627C1FED8ECE",
      "downloadLocation": "NOASSERTION",
      "filesAnalyzed": false,
      "licenseConcluded": "NOASSERTION",
      "licenseDeclared": "NOASSERTION",
      "copyrightText": "NOASSERTION",
      "versionInfo": "7.2.18",
      "externalRefs": [
        {
          "referenceCategory": "PACKAGE-MANAGER",
          "referenceType": "purl",
          "referenceLocator": "pkg:nuget/Microsoft.PowerShell.ConsoleHost@7.2.18"
        }
      ],
      "supplier": "NOASSERTION"
    },
    {
      "name": "Microsoft.Win32.Registry.AccessControl",
      "SPDXID": "SPDXRef-Package-C0475C00E6E28E144A924EBE3D4277ACEADC5AC76A243A3807A5440088D23A2A",
      "downloadLocation": "NOASSERTION",
      "filesAnalyzed": false,
      "licenseConcluded": "NOASSERTION",
      "licenseDeclared": "NOASSERTION",
      "copyrightText": "NOASSERTION",
      "versionInfo": "6.0.0",
      "externalRefs": [
        {
          "referenceCategory": "PACKAGE-MANAGER",
          "referenceType": "purl",
          "referenceLocator": "pkg:nuget/Microsoft.Win32.Registry.AccessControl@6.0.0"
        }
      ],
      "supplier": "NOASSERTION"
    },
    {
      "name": "Microsoft.PowerShell.Pager",
      "SPDXID": "SPDXRef-Package-E25C79749FED4D411883A143E4811CFEC23DA805C17090B76363D0A464A568F5",
      "downloadLocation": "NOASSERTION",
      "filesAnalyzed": false,
      "licenseConcluded": "NOASSERTION",
      "licenseDeclared": "NOASSERTION",
      "copyrightText": "NOASSERTION",
      "versionInfo": "1.0.0",
      "externalRefs": [
        {
          "referenceCategory": "PACKAGE-MANAGER",
          "referenceType": "purl",
          "referenceLocator": "pkg:nuget/Microsoft.PowerShell.Pager@1.0.0"
        }
      ],
      "supplier": "NOASSERTION"
    },
    {
      "name": "Unknown",
      "SPDXID": "SPDXRef-RootPackage",
      "downloadLocation": "NOASSERTION",
      "packageVerificationCode": {
        "packageVerificationCodeValue": "59baece9d49f88de52ba224bc5c5d8e46fd9251e"
      },
      "filesAnalyzed": true,
      "licenseConcluded": "NOASSERTION",
      "licenseInfoFromFiles": [
        "NOASSERTION"
      ],
      "licenseDeclared": "NOASSERTION",
      "copyrightText": "NOASSERTION",
      "versionInfo": "0.0.0",
      "externalRefs": [
        {
          "referenceCategory": "PACKAGE-MANAGER",
          "referenceType": "purl",
          "referenceLocator": "pkg:swid/Microsoft/sbom.microsoft/Unknown@0.0.0?tag_id=1d53710c-7b13-4e0a-ad36-d67fa7b19e62"
        }
      ],
      "supplier": "Organization: Microsoft",
      "hasFiles": [
        "SPDXRef-File--PSReadLine.psm1-5E2D2446E39DE6FF9A73B05CA1C04FEC4C9FA4F7",
        "SPDXRef-File--Microsoft.PowerShell.PSReadLine2.dll-D9DC0E28B216412E4986B3170E7E18653F1093DF",
        "SPDXRef-File--PSReadLine.format.ps1xml-858E6F27E17C637A0A8DE4E759EA856440C88909",
        "SPDXRef-File--net462-Microsoft.PowerShell.PSReadLine.Polyfiller.dll-D28E98BFDBDB57CC70B1395DE6DA556D137F02D5",
        "SPDXRef-File--License.txt-8BDED9DC168F35DAE2E5249E92EBC40F12463AF3",
        "SPDXRef-File--SamplePSReadLineProfile.ps1-7B563B7A565EFAED4E96C236593496F7F763C66E",
        "SPDXRef-File--PSReadLine.psd1-9F0D158F0B4869D98CBA591B6B65C4F14266C374",
        "SPDXRef-File--System.Runtime.InteropServices.RuntimeInformation.dll-76B0B6E65E38A90A4ECDB3F6DFE16D5A803081E9",
        "SPDXRef-File--Changes.txt-A0EA100AC4A59E9C5B0812E2B10A3268407BF45A",
        "SPDXRef-File--net6plus-Microsoft.PowerShell.PSReadLine.Polyfiller.dll-D9C02129203CCA1118C4DBB11663E5AEAFCF80AA",
        "SPDXRef-File--Microsoft.PowerShell.Pager.dll-127329A2AADB37ED3F0ADA1E99A7F09D7C8E289B"
      ]
    }
  ],
  "externalDocumentRefs": [],
  "relationships": [
    {
      "relationshipType": "DEPENDS_ON",
      "relatedSpdxElement": "SPDXRef-Package-7E4656F69E0ED86644E601C8E3EB5DEBD74A50193315A51763ADADE3D34C280C",
      "spdxElementId": "SPDXRef-RootPackage"
    },
    {
      "relationshipType": "DESCRIBES",
      "relatedSpdxElement": "SPDXRef-RootPackage",
      "spdxElementId": "SPDXRef-DOCUMENT"
    },
    {
      "relationshipType": "DEPENDS_ON",
      "relatedSpdxElement": "SPDXRef-Package-411F2A543B99C8557276D134B725D085892D156F13394C699E45AF54DC4B313E",
      "spdxElementId": "SPDXRef-RootPackage"
    },
    {
      "relationshipType": "DEPENDS_ON",
      "relatedSpdxElement": "SPDXRef-Package-105CF2A8ABEAF7BBAB222F2EF55B703877818E81C4B70A77DEAC3175AA9768D9",
      "spdxElementId": "SPDXRef-RootPackage"
    },
    {
      "relationshipType": "DEPENDS_ON",
      "relatedSpdxElement": "SPDXRef-Package-AC07F1EF24A7A4C8FDC4F792CC2A1DD9C6B82F0968E587304EB02252F0D02FEB",
      "spdxElementId": "SPDXRef-RootPackage"
    },
    {
      "relationshipType": "DEPENDS_ON",
      "relatedSpdxElement": "SPDXRef-Package-B512828296F96786715767A9D629FA4E02BEACAC0CC0BE4A7A1CFF55AF155FB6",
      "spdxElementId": "SPDXRef-RootPackage"
    },
    {
      "relationshipType": "DEPENDS_ON",
      "relatedSpdxElement": "SPDXRef-Package-28B06C6DFCF8BFCC74644E74CA082289A54DB7BED8B3CDB8A1909686D32C9526",
      "spdxElementId": "SPDXRef-RootPackage"
    },
    {
      "relationshipType": "DEPENDS_ON",
      "relatedSpdxElement": "SPDXRef-Package-5427CCCD417CDB4D83F420DE0D1F12C6F6C318DF5E3D504204317EE85D0DEEBE",
      "spdxElementId": "SPDXRef-RootPackage"
    },
    {
      "relationshipType": "DEPENDS_ON",
      "relatedSpdxElement": "SPDXRef-Package-B4818DF507BF454F483D412A8DA720FE15316B607BA2F5300A9D59397AB2CAFE",
      "spdxElementId": "SPDXRef-RootPackage"
    },
    {
      "relationshipType": "DEPENDS_ON",
      "relatedSpdxElement": "SPDXRef-Package-A537FE036BB5B047BC9DA9071A64766C48A2E20B604C721F3E499360BD720267",
      "spdxElementId": "SPDXRef-RootPackage"
    },
    {
      "relationshipType": "DEPENDS_ON",
      "relatedSpdxElement": "SPDXRef-Package-9177087A8AB9AD00907F2E12AC82C95C274D54AA4CBEB75F66D63EBE89788854",
      "spdxElementId": "SPDXRef-RootPackage"
    },
    {
      "relationshipType": "DEPENDS_ON",
      "relatedSpdxElement": "SPDXRef-Package-F037A1B0730172FE984549B0ACED7DD8CD75D1AE7B2A0D39DB673DAE29052538",
      "spdxElementId": "SPDXRef-RootPackage"
    },
    {
      "relationshipType": "DEPENDS_ON",
      "relatedSpdxElement": "SPDXRef-Package-34A8AFC6A122E36672B29A350987056CC325CD46F9AFB6E06039D9CFB846866D",
      "spdxElementId": "SPDXRef-RootPackage"
    },
    {
      "relationshipType": "DEPENDS_ON",
      "relatedSpdxElement": "SPDXRef-Package-2E0BBEAF0EB8B69339E6071A2989DCFD4AF6F7EF1C2FC710EC9D500A53E90602",
      "spdxElementId": "SPDXRef-RootPackage"
    },
    {
      "relationshipType": "DEPENDS_ON",
      "relatedSpdxElement": "SPDXRef-Package-24BCDA27604A07DAE27581E115B0134045E7FB49A858FCD79AD446D8BCD53BEC",
      "spdxElementId": "SPDXRef-RootPackage"
    },
    {
      "relationshipType": "DEPENDS_ON",
      "relatedSpdxElement": "SPDXRef-Package-62E6532BD1845444F24C732CA3502BDC2E1A4851412483F4907F1C00F07CE0E1",
      "spdxElementId": "SPDXRef-RootPackage"
    },
    {
      "relationshipType": "DEPENDS_ON",
      "relatedSpdxElement": "SPDXRef-Package-14C9003EAA1238B37898DF2D3F0CE401B39343BFCBD0B48247502F3FC246902D",
      "spdxElementId": "SPDXRef-RootPackage"
    },
    {
      "relationshipType": "DEPENDS_ON",
      "relatedSpdxElement": "SPDXRef-Package-337484C52BFC936B5BE2580EEC0A6511354EC5602F0F2354CA4BA956C0479F4A",
      "spdxElementId": "SPDXRef-RootPackage"
    },
    {
      "relationshipType": "DEPENDS_ON",
      "relatedSpdxElement": "SPDXRef-Package-E8DAD3C1E26889E6AC19C9E59D2CDB82DE1846DB67B7F0ABBF375AD516DB9206",
      "spdxElementId": "SPDXRef-RootPackage"
    },
    {
      "relationshipType": "DEPENDS_ON",
      "relatedSpdxElement": "SPDXRef-Package-528AD452683D34DE8F5D57CB988359D7FF23F27BC88404C20BE4F745D04B6266",
      "spdxElementId": "SPDXRef-RootPackage"
    },
    {
      "relationshipType": "DEPENDS_ON",
      "relatedSpdxElement": "SPDXRef-Package-90A806B3B00B8A78040505756EBEE76710D66B822C5DDAB8DACFC3F53548B182",
      "spdxElementId": "SPDXRef-RootPackage"
    },
    {
      "relationshipType": "DEPENDS_ON",
      "relatedSpdxElement": "SPDXRef-Package-D60BE9A079A339572CC368D77C4FE3CD4860E5B2846B9831B99485A3ABD77F4B",
      "spdxElementId": "SPDXRef-RootPackage"
    },
    {
      "relationshipType": "DEPENDS_ON",
      "relatedSpdxElement": "SPDXRef-Package-89A8189D4F4D671D008FFC0F1206766B6224E25DBAFF38B5CA4D83827DF8718B",
      "spdxElementId": "SPDXRef-RootPackage"
    },
    {
      "relationshipType": "DEPENDS_ON",
      "relatedSpdxElement": "SPDXRef-Package-1A14F5D545D1F368E68AA57857288A722F661A5A787DA7208672C45C855D6511",
      "spdxElementId": "SPDXRef-RootPackage"
    },
    {
      "relationshipType": "DEPENDS_ON",
      "relatedSpdxElement": "SPDXRef-Package-79D23D36E35382A94AE37114DC01A4E20E19FC25E0D5C079BE6A506D4EF964E0",
      "spdxElementId": "SPDXRef-RootPackage"
    },
    {
      "relationshipType": "DEPENDS_ON",
      "relatedSpdxElement": "SPDXRef-Package-2261A58500D95C9E05DDE33969B99251D9BA5A741BE5F22D21505A76932FE391",
      "spdxElementId": "SPDXRef-RootPackage"
    },
    {
      "relationshipType": "DEPENDS_ON",
      "relatedSpdxElement": "SPDXRef-Package-F111BCF3D2E488837682822007B7C4A05F5095769BA5E4F7ACC5F8088C5E9371",
      "spdxElementId": "SPDXRef-RootPackage"
    },
    {
      "relationshipType": "DEPENDS_ON",
      "relatedSpdxElement": "SPDXRef-Package-234C05D14DD47F1D0D37F8331983BC56C9DC44BD754896FD4E942AEBA22C9623",
      "spdxElementId": "SPDXRef-RootPackage"
    },
    {
      "relationshipType": "DEPENDS_ON",
      "relatedSpdxElement": "SPDXRef-Package-CFCF960A710B58DAB11D9115FB949086AB71660269CAE3F3A1D8DA8C447BD4D8",
      "spdxElementId": "SPDXRef-RootPackage"
    },
    {
      "relationshipType": "DEPENDS_ON",
      "relatedSpdxElement": "SPDXRef-Package-44186241F8D50C7B3C15C06AC4C557EFF2E50EB59FAA1DF6D1498B136DE087F0",
      "spdxElementId": "SPDXRef-RootPackage"
    },
    {
      "relationshipType": "DEPENDS_ON",
      "relatedSpdxElement": "SPDXRef-Package-7FD0996EF6FF2B87CF84B72BD56D51164F5C58C7E1236812A314DC547346C799",
      "spdxElementId": "SPDXRef-RootPackage"
    },
    {
      "relationshipType": "DEPENDS_ON",
      "relatedSpdxElement": "SPDXRef-Package-8C2272E9A8C5CD64644B0DED8F50E74915AF424C4590D31B7FBC202C963E578F",
      "spdxElementId": "SPDXRef-RootPackage"
    },
    {
      "relationshipType": "DEPENDS_ON",
      "relatedSpdxElement": "SPDXRef-Package-BC9E930B2E7D84EE7A937454E7820451BBB5612BA6EA7E055EAFA050FA5D965D",
      "spdxElementId": "SPDXRef-RootPackage"
    },
    {
      "relationshipType": "DEPENDS_ON",
      "relatedSpdxElement": "SPDXRef-Package-DD2D54841D52B7B8590EEE8DAC92B5F591313AEF7407B0F8B1EB1B5752850B10",
      "spdxElementId": "SPDXRef-RootPackage"
    },
    {
      "relationshipType": "DEPENDS_ON",
      "relatedSpdxElement": "SPDXRef-Package-00BD5BD260A48D668830C4A95B7954B55FD02DC0B3AA67D8283666B21A2B63FC",
      "spdxElementId": "SPDXRef-RootPackage"
    },
    {
      "relationshipType": "DEPENDS_ON",
      "relatedSpdxElement": "SPDXRef-Package-F1CC930B6E9D3DD3CB5AE740CF5BB24556BC0E2BD313A1896AB059FCBD694587",
      "spdxElementId": "SPDXRef-RootPackage"
    },
    {
      "relationshipType": "DEPENDS_ON",
      "relatedSpdxElement": "SPDXRef-Package-E683A325E1847FBD6074F9CF6EB0A6DAEC5DD81452232F5CE9A5E2F53A9EAE5F",
      "spdxElementId": "SPDXRef-RootPackage"
    },
    {
      "relationshipType": "DEPENDS_ON",
      "relatedSpdxElement": "SPDXRef-Package-8D7907CD1B5E791B5A4F28823597562C24A8F002EEDFC6E6734EAEC6921BA8F2",
      "spdxElementId": "SPDXRef-RootPackage"
    },
    {
      "relationshipType": "DEPENDS_ON",
      "relatedSpdxElement": "SPDXRef-Package-D37A54F6D7CB6B5493B33C856D6AB7A93B06FE5622A738E6A81812FC820A7B05",
      "spdxElementId": "SPDXRef-RootPackage"
    },
    {
      "relationshipType": "DEPENDS_ON",
      "relatedSpdxElement": "SPDXRef-Package-D52CD001D2995D41CC49B2E3262AD34924C8334D45D9088C45303F4C56C6A037",
      "spdxElementId": "SPDXRef-RootPackage"
    },
    {
      "relationshipType": "DEPENDS_ON",
      "relatedSpdxElement": "SPDXRef-Package-95CAC702E88993E8FEC7F6E7EC2489D3FC68CC1BE88BD081BC24A6E244A60E68",
      "spdxElementId": "SPDXRef-RootPackage"
    },
    {
      "relationshipType": "DEPENDS_ON",
      "relatedSpdxElement": "SPDXRef-Package-EDFDDCC95208D29BB26B2E326655CFDD69C464F21D24C0C30C2787C5FADC4DFB",
      "spdxElementId": "SPDXRef-RootPackage"
    },
    {
      "relationshipType": "DEPENDS_ON",
      "relatedSpdxElement": "SPDXRef-Package-60BDFB436058E47B0683DB0152A48E9A2D6B04F77DA69147B86A5F51EEF7705A",
      "spdxElementId": "SPDXRef-RootPackage"
    },
    {
      "relationshipType": "DEPENDS_ON",
      "relatedSpdxElement": "SPDXRef-Package-731726FF31D732CB840F565565BE564403F6DC2B192C2B84BF963BD50CB69C76",
      "spdxElementId": "SPDXRef-RootPackage"
    },
    {
      "relationshipType": "DEPENDS_ON",
      "relatedSpdxElement": "SPDXRef-Package-EA3A16D6596C8D7101E6C98F42757CE04693463CEBDEAA7F4D21CB423756737F",
      "spdxElementId": "SPDXRef-RootPackage"
    },
    {
      "relationshipType": "DEPENDS_ON",
      "relatedSpdxElement": "SPDXRef-Package-753C3608F28A46B7D362B2E4DF7FE53B5876688C477AF3EB98E96B06DA64D6DE",
      "spdxElementId": "SPDXRef-RootPackage"
    },
    {
      "relationshipType": "DEPENDS_ON",
      "relatedSpdxElement": "SPDXRef-Package-A4059A520108C80C86214C5BC55E08B0B12F7328E5E3D7027AA4FCA5224937A9",
      "spdxElementId": "SPDXRef-RootPackage"
    },
    {
      "relationshipType": "DEPENDS_ON",
      "relatedSpdxElement": "SPDXRef-Package-895DEB7AD35BF72365E0715BFE1B713489D627A823BE2F8618E355E48A2C7042",
      "spdxElementId": "SPDXRef-RootPackage"
    },
    {
      "relationshipType": "DEPENDS_ON",
      "relatedSpdxElement": "SPDXRef-Package-E58AC156268ABFA656C7A9B6538E3C47D1429964A49012CA1E701E7D2C8D18D0",
      "spdxElementId": "SPDXRef-RootPackage"
    },
    {
      "relationshipType": "DEPENDS_ON",
      "relatedSpdxElement": "SPDXRef-Package-B3C8536354AF112B91F70AB52F8A90ECBEE1A45D9F50FFAB58D012BC4902D4B9",
      "spdxElementId": "SPDXRef-RootPackage"
    },
    {
      "relationshipType": "DEPENDS_ON",
      "relatedSpdxElement": "SPDXRef-Package-FEC676D513730C2A73971684FC6079995E523F20D7153D4600B466A6720B3A30",
      "spdxElementId": "SPDXRef-RootPackage"
    },
    {
      "relationshipType": "DEPENDS_ON",
      "relatedSpdxElement": "SPDXRef-Package-B58252990A594C77C4C11A1C1DDEB688068BC3C81B5FB5DEDD643E6741E44E16",
      "spdxElementId": "SPDXRef-RootPackage"
    },
    {
      "relationshipType": "DEPENDS_ON",
      "relatedSpdxElement": "SPDXRef-Package-BD5D3E09B5B6D3451EDDD1D32105D059705408E4BF509FF6EA91ABE0158BBCFC",
      "spdxElementId": "SPDXRef-RootPackage"
    },
    {
      "relationshipType": "DEPENDS_ON",
      "relatedSpdxElement": "SPDXRef-Package-C5CC142F30EB8BE9CF471BAD8EEBDC2AEE7D7846826275D62DE11B3E1196666D",
      "spdxElementId": "SPDXRef-RootPackage"
    },
    {
      "relationshipType": "DEPENDS_ON",
      "relatedSpdxElement": "SPDXRef-Package-91864FE17BA6807BA6F3CFD69A7594B892B5C13761FE2355FD3719BC2C7B3D16",
      "spdxElementId": "SPDXRef-RootPackage"
    },
    {
      "relationshipType": "DEPENDS_ON",
      "relatedSpdxElement": "SPDXRef-Package-6DCCEDA2DAD73EE222918430543E67924B64B2B7C160A5F53187C363E9227B05",
      "spdxElementId": "SPDXRef-RootPackage"
    },
    {
      "relationshipType": "DEPENDS_ON",
      "relatedSpdxElement": "SPDXRef-Package-20BE3DEFC896D5D73D3A98E796FA9FFC92FF4A401991EFD8A9F6DCE980891B50",
      "spdxElementId": "SPDXRef-RootPackage"
    },
    {
      "relationshipType": "DEPENDS_ON",
      "relatedSpdxElement": "SPDXRef-Package-46C766C74EA111ABF3DE103B538274FB1746B8F54710199959C37FA850D439D1",
      "spdxElementId": "SPDXRef-RootPackage"
    },
    {
      "relationshipType": "DEPENDS_ON",
      "relatedSpdxElement": "SPDXRef-Package-F6B6A0DBB709C71A29A13378B9B0DDEF251C92D77EB822DB5C227D14412B9CF3",
      "spdxElementId": "SPDXRef-RootPackage"
    },
    {
      "relationshipType": "DEPENDS_ON",
      "relatedSpdxElement": "SPDXRef-Package-1B140F7FA3F784DD56CC7A8B4145E9AD58D8CDD4C249A0F27F2262E47C9B41AF",
      "spdxElementId": "SPDXRef-RootPackage"
    },
    {
      "relationshipType": "DEPENDS_ON",
      "relatedSpdxElement": "SPDXRef-Package-E25C79749FED4D411883A143E4811CFEC23DA805C17090B76363D0A464A568F5",
      "spdxElementId": "SPDXRef-RootPackage"
    },
    {
      "relationshipType": "DEPENDS_ON",
      "relatedSpdxElement": "SPDXRef-Package-C0475C00E6E28E144A924EBE3D4277ACEADC5AC76A243A3807A5440088D23A2A",
      "spdxElementId": "SPDXRef-RootPackage"
    },
    {
      "relationshipType": "DEPENDS_ON",
      "relatedSpdxElement": "SPDXRef-Package-0C9B0D4FDAA6A30B7C22BEC0185CBF44A432F88B5B44718F6592627C1FED8ECE",
      "spdxElementId": "SPDXRef-RootPackage"
    },
    {
      "relationshipType": "DEPENDS_ON",
      "relatedSpdxElement": "SPDXRef-Package-D6F42666292EDBECCB8C18D71CB280412164D24D6DDA3F3B6E2B3F1C59FB1334",
      "spdxElementId": "SPDXRef-RootPackage"
    },
    {
      "relationshipType": "DEPENDS_ON",
      "relatedSpdxElement": "SPDXRef-Package-82FA31219DDBDEBDAEDA66CCA505CA5DED3D02E8E018E811DC441597813D204F",
      "spdxElementId": "SPDXRef-RootPackage"
    },
    {
      "relationshipType": "DEPENDS_ON",
      "relatedSpdxElement": "SPDXRef-Package-ACDE318753E8F05102132DA3D3C3487B82F1D90907D631CE069769C44A30AEF9",
      "spdxElementId": "SPDXRef-RootPackage"
    },
    {
      "relationshipType": "DEPENDS_ON",
      "relatedSpdxElement": "SPDXRef-Package-EE5D4072E9519D2BA5D871EC2B640BD506D199E51F6CB4D07A38AB8F87DAFABA",
      "spdxElementId": "SPDXRef-RootPackage"
    },
    {
      "relationshipType": "DEPENDS_ON",
      "relatedSpdxElement": "SPDXRef-Package-342BA5C11805FDDCAF3A2BF48BFDCAB5C0240793089F89196209A39C580902E6",
      "spdxElementId": "SPDXRef-RootPackage"
    },
    {
      "relationshipType": "DEPENDS_ON",
      "relatedSpdxElement": "SPDXRef-Package-ED6B5A1F0C7B6A5996E99BB697BB0464C3E7CBC0E222F3CC6B232F41DC5796D9",
      "spdxElementId": "SPDXRef-RootPackage"
    },
    {
      "relationshipType": "DEPENDS_ON",
      "relatedSpdxElement": "SPDXRef-Package-AAE7696AE113F9C59FA575AF5C3639452D24710B4172DF9217B89DF9FFA62367",
      "spdxElementId": "SPDXRef-RootPackage"
    },
    {
      "relationshipType": "DEPENDS_ON",
      "relatedSpdxElement": "SPDXRef-Package-7C6B66E6438993913FDC04BC572AE4DF6572087685ABA8385E82B97D04D637D9",
      "spdxElementId": "SPDXRef-RootPackage"
    },
    {
      "relationshipType": "DEPENDS_ON",
      "relatedSpdxElement": "SPDXRef-Package-154937B3B04A5F385BC2E4F8CCDA261A8E8B3818EBDD9FCDC74DCDFD8F90E74F",
      "spdxElementId": "SPDXRef-RootPackage"
    },
    {
      "relationshipType": "DEPENDS_ON",
      "relatedSpdxElement": "SPDXRef-Package-D1B096B30BCD86DE321F316258E549B0D54C78F894D238FAE76D2E692119B5CA",
      "spdxElementId": "SPDXRef-RootPackage"
    },
    {
      "relationshipType": "DEPENDS_ON",
      "relatedSpdxElement": "SPDXRef-Package-CCC94FDA78F2FD38E1F35B3BE82A9DCD4ECF1B2A1B1D6F825675B527C80EF55B",
      "spdxElementId": "SPDXRef-RootPackage"
    },
    {
      "relationshipType": "DEPENDS_ON",
      "relatedSpdxElement": "SPDXRef-Package-75EE8BDA02BC1F1E5EF4637221B6F573EEB2C97297F181523667F440A43567C9",
      "spdxElementId": "SPDXRef-RootPackage"
    },
    {
      "relationshipType": "DEPENDS_ON",
      "relatedSpdxElement": "SPDXRef-Package-7C46DF82C3BDD3ACFDFA16EC0DDB7119E008B325A92F136326DA92E6C4874E06",
      "spdxElementId": "SPDXRef-RootPackage"
    },
    {
      "relationshipType": "DEPENDS_ON",
      "relatedSpdxElement": "SPDXRef-Package-6D55FAF667433894858DA80466978319808690A1D1FBD0CE01FDC4AFE113071C",
      "spdxElementId": "SPDXRef-RootPackage"
    },
    {
      "relationshipType": "DEPENDS_ON",
      "relatedSpdxElement": "SPDXRef-Package-220AFB067DF73CA4695C08036021F2AF598196493217861C3C7BFCE90CC5CA25",
      "spdxElementId": "SPDXRef-RootPackage"
    },
    {
      "relationshipType": "DEPENDS_ON",
      "relatedSpdxElement": "SPDXRef-Package-CE811036CD9E2B102EFF7FFCCF35AACC53014504FE686CBFA7628C1F75400244",
      "spdxElementId": "SPDXRef-RootPackage"
    },
    {
      "relationshipType": "DEPENDS_ON",
      "relatedSpdxElement": "SPDXRef-Package-FD5254E0640F4CAFC46168C8B809DD9B7892AC50A4B1D6A804605CC68F042ECE",
      "spdxElementId": "SPDXRef-RootPackage"
    },
    {
      "relationshipType": "DEPENDS_ON",
      "relatedSpdxElement": "SPDXRef-Package-FEC58C7F29FDF22E4C719712092A41A9787737DFCCA8BB1E9B81469A6EC29078",
      "spdxElementId": "SPDXRef-RootPackage"
    },
    {
      "relationshipType": "DEPENDS_ON",
      "relatedSpdxElement": "SPDXRef-Package-3D762E0F169506279F40A11F69CB7F7E9DA3F36F47D6E7C2E17C3161DADB7FE8",
      "spdxElementId": "SPDXRef-RootPackage"
    },
    {
      "relationshipType": "DEPENDS_ON",
      "relatedSpdxElement": "SPDXRef-Package-29226D2DDF69C0634D1475A99C6B6064278A14AFF039824E2AF684638B05B03E",
      "spdxElementId": "SPDXRef-RootPackage"
    },
    {
      "relationshipType": "DEPENDS_ON",
      "relatedSpdxElement": "SPDXRef-Package-E32BC8A384704413B84EF52AB9BF3FCB04AEFF0F8B58D75D0ECD8761B8FC2F89",
      "spdxElementId": "SPDXRef-RootPackage"
    },
    {
      "relationshipType": "DEPENDS_ON",
      "relatedSpdxElement": "SPDXRef-Package-F0669F0F40151AF0350EF10EB16A84C4D43FEE83059D4DAC48A9E4C1DA5363F8",
      "spdxElementId": "SPDXRef-RootPackage"
    },
    {
      "relationshipType": "DEPENDS_ON",
      "relatedSpdxElement": "SPDXRef-Package-597E4EB7D4DE70AB986BF564D4F5016660994E8061B1567D8F46CA0D9F3DFDAB",
      "spdxElementId": "SPDXRef-RootPackage"
    },
    {
      "relationshipType": "DEPENDS_ON",
      "relatedSpdxElement": "SPDXRef-Package-2C7375F4535235025B96C8544E978E3DDAC216835943EC4D1475E483158D556F",
      "spdxElementId": "SPDXRef-RootPackage"
    },
    {
      "relationshipType": "DEPENDS_ON",
      "relatedSpdxElement": "SPDXRef-Package-FC368E97C67C8E3E6798F62D075DC1B5AC857F87348A6603B7663CD7515B5464",
      "spdxElementId": "SPDXRef-RootPackage"
    },
    {
      "relationshipType": "DEPENDS_ON",
      "relatedSpdxElement": "SPDXRef-Package-721A2EC3CF1FB1656B25C72638BE48FF5FD37FCE4AC43DD2A62A8E8BA325B6A4",
      "spdxElementId": "SPDXRef-RootPackage"
    },
    {
      "relationshipType": "DEPENDS_ON",
      "relatedSpdxElement": "SPDXRef-Package-B886264C88915A93892AFBE3D28CD5B3C8B7990F0C6A47AD506184440C46436E",
      "spdxElementId": "SPDXRef-RootPackage"
    },
    {
      "relationshipType": "DEPENDS_ON",
      "relatedSpdxElement": "SPDXRef-Package-EDFAB6FFAE53CF521DB41E3239C219EC1BAC8F6DA87DEC75BB9BD054C76933F3",
      "spdxElementId": "SPDXRef-RootPackage"
    },
    {
      "relationshipType": "DEPENDS_ON",
      "relatedSpdxElement": "SPDXRef-Package-E2D06F07B127077AD939956F36A0635D95E924867BCFDFB34D718C14743DF6F9",
      "spdxElementId": "SPDXRef-RootPackage"
    },
    {
      "relationshipType": "DEPENDS_ON",
      "relatedSpdxElement": "SPDXRef-Package-02E858A8C006952F7C6DC1F1D562DEE5F1D39767F016B8E05AAC8275919A146B",
      "spdxElementId": "SPDXRef-RootPackage"
    },
    {
      "relationshipType": "DEPENDS_ON",
      "relatedSpdxElement": "SPDXRef-Package-71C67A426A3248366829D1514C47B445581A44437935E9DCF4E6A2C5E7D5473C",
      "spdxElementId": "SPDXRef-RootPackage"
    },
    {
      "relationshipType": "DEPENDS_ON",
      "relatedSpdxElement": "SPDXRef-Package-D06321A2E529DAFB9EB12DDC595DA61DA224784753019DB501CAD46CEEBEC3A3",
      "spdxElementId": "SPDXRef-RootPackage"
    },
    {
      "relationshipType": "DEPENDS_ON",
      "relatedSpdxElement": "SPDXRef-Package-31A81B3DC6FD374CE72BEAA34481EECDF7D6AA876C603326EA8146B34370A121",
      "spdxElementId": "SPDXRef-RootPackage"
    }
  ],
  "spdxVersion": "SPDX-2.2",
  "dataLicense": "CC0-1.0",
  "SPDXID": "SPDXRef-DOCUMENT",
  "name": "Unknown 0.0.0",
  "documentNamespace": "https://sbom.microsoft/1:2QSF7qZlbE-F7QrUJlEo7g:SgS0HpGYsEq3MaStNjjGXA/932:462037/Unknown:0.0.0:U3j2DGgRdUKjz0MPqwAEcw",
  "creationInfo": {
    "created": "2024-03-01T19:45:01Z",
    "creators": [
      "Organization: Microsoft",
      "Tool: Microsoft.SBOMTool-2.2.3"
    ]
  },
  "documentDescribes": [
    "SPDXRef-RootPackage"
  ]
}