{"Source":"InternalBuild","Data":{"System.CollectionId":"ee8504d9-65a6-4f6c-85ed-0ad4265128ee","System.DefinitionId":"1504","System.TeamProjectId":"83264cc4-67c6-491b-8e5c-450209ae0d45","System.TeamProject":"OSS_Microsoft_PSSA","Build.BuildId":"456104","Build.BuildNumber":"PSSA-Release-456104","Build.DefinitionName":"OSS_Microsoft_PSSA","Build.DefinitionRevision":"1","Build.Repository.Name":"OSS_Microsoft_PSSA","Build.Repository.Provider":"TfsGit","Build.Repository.Id":"10da1a1d-2e44-4f79-99cc-50bd65eb4208","Build.SourceBranch":"refs/heads/master","Build.SourceBranchName":"master","Build.SourceVersion":"ed61ef5fcb9225f396bd96f96e59d682e85859ee","Build.Repository.Uri":"https://mscodehub.visualstudio.com/OSS_Microsoft_PSSA/_git/OSS_Microsoft_PSSA"},"Feed":null}