<Objs Version="1.1.0.1" xmlns="http://schemas.microsoft.com/powershell/2004/04">
  <Obj RefId="0">
    <TN RefId="0">
      <T>Microsoft.PowerShell.Commands.PSRepositoryItemInfo</T>
      <T>System.Management.Automation.PSCustomObject</T>
      <T>System.Object</T>
    </TN>
    <MS>
      <S N="Name">PSReadLine</S>
      <S N="Version">2.4.0-beta0</S>
      <S N="Type">Module</S>
      <S N="Description">Great command line editing in the PowerShell console host</S>
      <S N="Author">Microsoft Corporation</S>
      <Obj N="CompanyName" RefId="1">
        <TN RefId="1">
          <T>System.Object[]</T>
          <T>System.Array</T>
          <T>System.Object</T>
        </TN>
        <LST>
          <S>PowerShellTeam</S>
          <S>lzybkr</S>
          <S>dongbow</S>
        </LST>
      </Obj>
      <S N="Copyright">(c) Microsoft Corporation. All rights reserved.</S>
      <DT N="PublishedDate">2024-03-02T00:02:38+00:00</DT>
      <Nil N="InstalledDate" />
      <Nil N="UpdatedDate" />
      <Nil N="LicenseUri" />
      <URI N="ProjectUri">https://github.com/PowerShell/PSReadLine</URI>
      <Nil N="IconUri" />
      <Obj N="Tags" RefId="2">
        <TNRef RefId="1" />
        <LST>
          <S>PSModule</S>
        </LST>
      </Obj>
      <Obj N="Includes" RefId="3">
        <TN RefId="2">
          <T>System.Collections.Hashtable</T>
          <T>System.Object</T>
        </TN>
        <DCT>
          <En>
            <S N="Key">Cmdlet</S>
            <Obj N="Value" RefId="4">
              <TNRef RefId="1" />
              <LST>
                <S>Get-PSReadLineKeyHandler</S>
                <S>Set-PSReadLineKeyHandler</S>
                <S>Remove-PSReadLineKeyHandler</S>
                <S>Get-PSReadLineOption</S>
                <S>Set-PSReadLineOption</S>
              </LST>
            </Obj>
          </En>
          <En>
            <S N="Key">DscResource</S>
            <Obj N="Value" RefId="5">
              <TNRef RefId="1" />
              <LST />
            </Obj>
          </En>
          <En>
            <S N="Key">RoleCapability</S>
            <Ref N="Value" RefId="5" />
          </En>
          <En>
            <S N="Key">Function</S>
            <Obj N="Value" RefId="6">
              <TNRef RefId="1" />
              <LST>
                <S>PSConsoleHostReadLine</S>
              </LST>
            </Obj>
          </En>
          <En>
            <S N="Key">Workflow</S>
            <Ref N="Value" RefId="5" />
          </En>
          <En>
            <S N="Key">Command</S>
            <Obj N="Value" RefId="7">
              <TNRef RefId="1" />
              <LST>
                <S>Get-PSReadLineKeyHandler</S>
                <S>Set-PSReadLineKeyHandler</S>
                <S>Remove-PSReadLineKeyHandler</S>
                <S>Get-PSReadLineOption</S>
                <S>Set-PSReadLineOption</S>
                <S>PSConsoleHostReadLine</S>
              </LST>
            </Obj>
          </En>
        </DCT>
      </Obj>
      <Nil N="PowerShellGetFormatVersion" />
      <Nil N="ReleaseNotes" />
      <Obj N="Dependencies" RefId="8">
        <TNRef RefId="1" />
        <LST />
      </Obj>
      <S N="RepositorySourceLocation">https://www.powershellgallery.com/api/v2</S>
      <S N="Repository">PSGallery</S>
      <S N="PackageManagementProvider">NuGet</S>
      <Obj N="AdditionalMetadata" RefId="9">
        <TN RefId="3">
          <T>System.Management.Automation.PSCustomObject</T>
          <T>System.Object</T>
        </TN>
        <MS>
          <S N="copyright">(c) Microsoft Corporation. All rights reserved.</S>
          <S N="description">Great command line editing in the PowerShell console host</S>
          <S N="requireLicenseAcceptance">False</S>
          <S N="isLatestVersion">False</S>
          <S N="isAbsoluteLatestVersion">True</S>
          <S N="versionDownloadCount">4417</S>
          <S N="downloadCount">2168347</S>
          <S N="packageSize">257447</S>
          <S N="published">3/2/2024 12:02:38 AM +00:00</S>
          <S N="created">3/2/2024 12:02:38 AM +00:00</S>
          <S N="lastUpdated">4/3/2024 9:06:24 PM +00:00</S>
          <S N="tags">PSModule PSCmdlet_Get-PSReadLineKeyHandler PSCommand_Get-PSReadLineKeyHandler PSCmdlet_Set-PSReadLineKeyHandler PSCommand_Set-PSReadLineKeyHandler PSCmdlet_Remove-PSReadLineKeyHandler PSCommand_Remove-PSReadLineKeyHandler PSCmdlet_Get-PSReadLineOption PSCommand_Get-PSReadLineOption PSCmdlet_Set-PSReadLineOption PSCommand_Set-PSReadLineOption PSIncludes_Cmdlet PSFunction_PSConsoleHostReadLine PSCommand_PSConsoleHostReadLine PSIncludes_Function</S>
          <S N="developmentDependency">False</S>
          <S N="updated">2024-04-03T21:06:24Z</S>
          <S N="NormalizedVersion">2.4.0-beta0</S>
          <S N="Authors">Microsoft Corporation</S>
          <S N="IsPrerelease">true</S>
          <S N="ItemType">Module</S>
          <S N="FileList">PSReadLine.nuspec|PSReadLine.format.ps1xml|SamplePSReadLineProfile.ps1|_manifest\spdx_2.2\bsi.json|Changes.txt|System.Runtime.InteropServices.RuntimeInformation.dll|_manifest\spdx_2.2\manifest.cat|License.txt|PSReadLine.psd1|net462\Microsoft.PowerShell.PSReadLine.Polyfiller.dll|_manifest\spdx_2.2\manifest.spdx.json|Microsoft.PowerShell.Pager.dll|PSReadLine.psm1|net6plus\Microsoft.PowerShell.PSReadLine.Polyfiller.dll|_manifest\spdx_2.2\manifest.spdx.json.sha256|Microsoft.PowerShell.PSReadLine2.dll</S>
          <S N="GUID">5714753b-2afd-4492-a5fd-01d9e2cff8b5</S>
          <S N="PowerShellVersion">5.1</S>
          <S N="DotNetFrameworkVersion">4.6.2</S>
          <S N="CLRVersion">4.0.0</S>
          <S N="CompanyName">Microsoft Corporation</S>
        </MS>
      </Obj>
      <S N="InstalledLocation">C:\__w\1\s\module\PSReadLine\2.4.0</S>
    </MS>
  </Obj>
</Objs>
