<Objs Version="1.1.0.1" xmlns="http://schemas.microsoft.com/powershell/2004/04">
  <Obj RefId="0">
    <TN RefId="0">
      <T>Microsoft.PowerShell.Commands.PSRepositoryItemInfo</T>
      <T>System.Management.Automation.PSCustomObject</T>
      <T>System.Object</T>
    </TN>
    <MS>
      <S N="Name">Plaster</S>
      <S N="Version">1.1.3</S>
      <S N="Type">Module</S>
      <S N="Description">Plaster scaffolds PowerShell projects and files.</S>
      <S N="Author">Microsoft Corporation</S>
      <S N="CompanyName">Psjamesp</S>
      <S N="Copyright">(c) Microsoft Corporation 2016. All rights reserved.</S>
      <DT N="PublishedDate">2017-10-27T13:10:14+00:00</DT>
      <Nil N="InstalledDate" />
      <Nil N="UpdatedDate" />
      <URI N="LicenseUri">https://github.com/PowerShell/Plaster/blob/master/LICENSE</URI>
      <URI N="ProjectUri">https://github.com/PowerShell/Plaster</URI>
      <Nil N="IconUri" />
      <Obj N="Tags" RefId="1">
        <TN RefId="1">
          <T>System.Object[]</T>
          <T>System.Array</T>
          <T>System.Object</T>
        </TN>
        <LST>
          <S>Plaster</S>
          <S>CodeGenerator</S>
          <S>Scaffold</S>
          <S>PSModule</S>
        </LST>
      </Obj>
      <Obj N="Includes" RefId="2">
        <TN RefId="2">
          <T>System.Collections.Hashtable</T>
          <T>System.Object</T>
        </TN>
        <DCT>
          <En>
            <S N="Key">Cmdlet</S>
            <Obj N="Value" RefId="3">
              <TNRef RefId="1" />
              <LST />
            </Obj>
          </En>
          <En>
            <S N="Key">DscResource</S>
            <Ref N="Value" RefId="3" />
          </En>
          <En>
            <S N="Key">RoleCapability</S>
            <Ref N="Value" RefId="3" />
          </En>
          <En>
            <S N="Key">Function</S>
            <Obj N="Value" RefId="4">
              <TNRef RefId="1" />
              <LST>
                <S>Invoke-Plaster</S>
                <S>New-PlasterManifest</S>
                <S>Get-PlasterTemplate</S>
                <S>Test-PlasterManifest</S>
              </LST>
            </Obj>
          </En>
          <En>
            <S N="Key">Workflow</S>
            <Ref N="Value" RefId="3" />
          </En>
          <En>
            <S N="Key">Command</S>
            <Obj N="Value" RefId="5">
              <TNRef RefId="1" />
              <LST>
                <S>Invoke-Plaster</S>
                <S>New-PlasterManifest</S>
                <S>Get-PlasterTemplate</S>
                <S>Test-PlasterManifest</S>
              </LST>
            </Obj>
          </En>
        </DCT>
      </Obj>
      <Nil N="PowerShellGetFormatVersion" />
      <Nil N="ReleaseNotes" />
      <Obj N="Dependencies" RefId="6">
        <TNRef RefId="1" />
        <LST />
      </Obj>
      <S N="RepositorySourceLocation">https://www.powershellgallery.com/api/v2</S>
      <S N="Repository">PSGallery</S>
      <S N="PackageManagementProvider">NuGet</S>
      <Obj N="AdditionalMetadata" RefId="7">
        <TN RefId="3">
          <T>System.Management.Automation.PSCustomObject</T>
          <T>System.Object</T>
        </TN>
        <MS>
          <S N="copyright">(c) Microsoft Corporation 2016. All rights reserved.</S>
          <S N="description">Plaster scaffolds PowerShell projects and files.</S>
          <S N="requireLicenseAcceptance">True</S>
          <S N="isLatestVersion">False</S>
          <S N="isAbsoluteLatestVersion">False</S>
          <S N="versionDownloadCount">152619</S>
          <S N="downloadCount">462480</S>
          <S N="packageSize">115515</S>
          <S N="published">10/27/2017 1:10:14 PM +00:00</S>
          <S N="created">10/27/2017 1:10:14 PM +00:00</S>
          <S N="lastUpdated">4/3/2024 9:06:24 PM +00:00</S>
          <S N="tags">Plaster CodeGenerator Scaffold PSModule PSFunction_Invoke-Plaster PSCommand_Invoke-Plaster PSFunction_New-PlasterManifest PSCommand_New-PlasterManifest PSFunction_Get-PlasterTemplate PSCommand_Get-PlasterTemplate PSFunction_Test-PlasterManifest PSCommand_Test-PlasterManifest PSIncludes_Function</S>
          <S N="developmentDependency">False</S>
          <S N="updated">2024-04-03T21:06:24Z</S>
          <S N="NormalizedVersion">1.1.3</S>
          <S N="Authors">Microsoft Corporation</S>
          <S N="IsPrerelease">false</S>
          <S N="ItemType">Module</S>
          <S N="FileList">Plaster.nuspec|GetModuleExtension.ps1|GetPlasterTemplate.ps1|InvokePlaster.ps1|NewPlasterManifest.ps1|Plaster.cat|Plaster.psd1|Plaster.psm1|TestPlasterManifest.ps1|en-US\about_Plaster.help.help.txt|en-US\about_Plaster_CreatingAManifest.help.help.txt|en-US\Plaster-help.xml|en-US\Plaster.Resources.psd1|Schema\PlasterManifest-v1.xsd|Templates\AddPSScriptAnalyzerSettings\plasterManifest.xml|Templates\AddPSScriptAnalyzerSettings\PSScriptAnalyzerSettings.psd1|Templates\AddPSScriptAnalyzerSettings\.vscode\settings.json|Templates\NewPowerShellScriptModule\Module.psm1|Templates\NewPowerShellScriptModule\plasterManifest.xml|Templates\NewPowerShellScriptModule\editor\VSCode\settings.json|Templates\NewPowerShellScriptModule\editor\VSCode\tasks.json|Templates\NewPowerShellScriptModule\test\Module.T.ps1</S>
          <S N="GUID">cfce3c5e-402f-412a-a83a-7b7ee9832ff4</S>
          <S N="PowerShellVersion">3.0</S>
          <S N="CompanyName">Microsoft Corporation</S>
        </MS>
      </Obj>
      <S N="InstalledLocation">C:\__w\1\s\module\Plaster\1.1.3</S>
    </MS>
  </Obj>
</Objs>
