{"Source":"InternalBuild","Data":{"System.CollectionId":"ee8504d9-65a6-4f6c-85ed-0ad4265128ee","System.DefinitionId":"2905","System.TeamProjectId":"9d7f7aa4-6f41-480d-a367-82eb278461a1","System.TeamProject":"PowerShellCore","Build.BuildId":"476562","Build.BuildNumber":"3.19.0","Build.DefinitionName":"PowerShellEditorServices-Official","Build.DefinitionRevision":"1","Build.Repository.Name":"PowerShellEditorServices","Build.Repository.Provider":"TfsGit","Build.Repository.Id":"cd0ca502-5f34-4fc0-a54e-ac5fc816bcac","Build.SourceBranch":"refs/heads/release","Build.SourceBranchName":"release","Build.SourceVersion":"22c71efdf094ff8b250f9f5cb493d656bd029560","Build.Repository.Uri":"https://mscodehub.visualstudio.com/PowerShellCore/_git/PowerShellEditorServices","EbomId":"0510ec2b-95b5-5dd6-aee0-61ce03d73c00"},"Feed":null}